seed,target_fraction,phase_epoch,checkpoint_path,weak_only_accuracy,weak_only_loss,gap_mean,ci_lower,ci_upper,standard_error,effective_alpha,n_examples,ci_crossing
83,0.99,0,"/net/storage/pr3/plgrid/plggdnnp/reports/phase3, phase 3 intervention, trained with phase1=40, phase2=200, mm_cifar10, mm_resnet, sgd, epochs=200_overlap=0.0_lr=0.6_wd=0.0_lambda=1.0/2026-08-01_17-00-47-175297/checkpoints/model_step_phase3_pre_intervention.pth",0.2596,5.052744558971103,-0.6544486031598881,-0.6871648021079494,-0.6217324042118267,0.009343966586311932,0.00046296296296296336,5000,False
83,0.99,1,"/net/storage/pr3/plgrid/plggdnnp/reports/phase3, phase 3 intervention, trained with phase1=40, phase2=200, mm_cifar10, mm_resnet, sgd, epochs=200_overlap=0.0_lr=0.6_wd=0.0_lambda=1.0/2026-08-01_17-00-47-175297/checkpoints/model_step_phase3_candidate_epoch_1.pth",0.5052,1.4080390739821915,-0.36571124129767324,-0.39932621683603875,-0.33209626575930773,0.00960066322890463,0.00046296296296296336,5000,False
83,0.99,2,"/net/storage/pr3/plgrid/plggdnnp/reports/phase3, phase 3 intervention, trained with phase1=40, phase2=200, mm_cifar10, mm_resnet, sgd, epochs=200_overlap=0.0_lr=0.6_wd=0.0_lambda=1.0/2026-08-01_17-00-47-175297/checkpoints/model_step_phase3_candidate_epoch_2.pth",0.5412,1.3276923655059834,-0.3233881752266645,-0.35653171471965367,-0.29024463573367537,0.009466017921771827,0.00046296296296296336,5000,False
83,0.99,3,"/net/storage/pr3/plgrid/plggdnnp/reports/phase3, phase 3 intervention, trained with phase1=40, phase2=200, mm_cifar10, mm_resnet, sgd, epochs=200_overlap=0.0_lr=0.6_wd=0.0_lambda=1.0/2026-08-01_17-00-47-175297/checkpoints/model_step_phase3_candidate_epoch_3.pth",0.5628,1.2289947647378565,-0.2979943355840593,-0.33076880325264635,-0.26521986791547225,0.009360608525018941,0.00046296296296296336,5000,False
83,0.99,4,"/net/storage/pr3/plgrid/plggdnnp/reports/phase3, phase 3 intervention, trained with phase1=40, phase2=200, mm_cifar10, mm_resnet, sgd, epochs=200_overlap=0.0_lr=0.6_wd=0.0_lambda=1.0/2026-08-01_17-00-47-175297/checkpoints/model_step_phase3_candidate_epoch_4.pth",0.5776,1.2229261357195955,-0.2805948528659779,-0.31314889331650037,-0.24804081241545547,0.009297653028153939,0.00046296296296296336,5000,False
83,0.99,8,"/net/storage/pr3/plgrid/plggdnnp/reports/phase3, phase 3 intervention, trained with phase1=40, phase2=200, mm_cifar10, mm_resnet, sgd, epochs=200_overlap=0.0_lr=0.6_wd=0.0_lambda=1.0/2026-08-01_17-00-47-175297/checkpoints/model_step_phase3_candidate_epoch_8.pth",0.649,1.0525270733888135,-0.19665410515847734,-0.22839700511901118,-0.1649112051979435,0.009065985845566782,0.00046296296296296336,5000,False
83,0.99,12,"/net/storage/pr3/plgrid/plggdnnp/reports/phase3, phase 3 intervention, trained with phase1=40, phase2=200, mm_cifar10, mm_resnet, sgd, epochs=200_overlap=0.0_lr=0.6_wd=0.0_lambda=1.0/2026-08-01_17-00-47-175297/checkpoints/model_step_phase3_candidate_epoch_12.pth",0.6926,0.8797684737775863,-0.14539616958358906,-0.17574560741856837,-0.11504673174860973,0.008668003685073655,0.00046296296296296336,5000,False
83,0.99,16,"/net/storage/pr3/plgrid/plggdnnp/reports/phase3, phase 3 intervention, trained with phase1=40, phase2=200, mm_cifar10, mm_resnet, sgd, epochs=200_overlap=0.0_lr=0.6_wd=0.0_lambda=1.0/2026-08-01_17-00-47-175297/checkpoints/model_step_phase3_candidate_epoch_16.pth",0.7178,0.8366360758171071,-0.11577002333388298,-0.14595545319819803,-0.08558459346956793,0.008621161904944831,0.00046296296296296336,5000,False
83,0.99,20,"/net/storage/pr3/plgrid/plggdnnp/reports/phase3, phase 3 intervention, trained with phase1=40, phase2=200, mm_cifar10, mm_resnet, sgd, epochs=200_overlap=0.0_lr=0.6_wd=0.0_lambda=1.0/2026-08-01_17-00-47-175297/checkpoints/model_step_phase3_candidate_epoch_20.pth",0.7492,0.7665518118223017,-0.07885490459416983,-0.108312070374992,-0.04939773881334765,0.00841316478177745,0.00046296296296296336,5000,False
83,0.99,24,"/net/storage/pr3/plgrid/plggdnnp/reports/phase3, phase 3 intervention, trained with phase1=40, phase2=200, mm_cifar10, mm_resnet, sgd, epochs=200_overlap=0.0_lr=0.6_wd=0.0_lambda=1.0/2026-08-01_17-00-47-175297/checkpoints/model_step_phase3_candidate_epoch_24.pth",0.7432,0.7821394122269023,-0.08590874893933795,-0.11562946959204007,-0.05618802828663583,0.008488437826803722,0.00046296296296296336,5000,False
83,0.99,28,"/net/storage/pr3/plgrid/plggdnnp/reports/phase3, phase 3 intervention, trained with phase1=40, phase2=200, mm_cifar10, mm_resnet, sgd, epochs=200_overlap=0.0_lr=0.6_wd=0.0_lambda=1.0/2026-08-01_17-00-47-175297/checkpoints/model_step_phase3_candidate_epoch_28.pth",0.757,0.7203171610915085,-0.06968490694545128,-0.0989082168114357,-0.04046159707946685,0.00834637395874436,0.00046296296296296336,5000,False
83,0.99,32,"/net/storage/pr3/plgrid/plggdnnp/reports/phase3, phase 3 intervention, trained with phase1=40, phase2=200, mm_cifar10, mm_resnet, sgd, epochs=200_overlap=0.0_lr=0.6_wd=0.0_lambda=1.0/2026-08-01_17-00-47-175297/checkpoints/model_step_phase3_candidate_epoch_32.pth",0.7638,0.7636927505790471,-0.06169055002092741,-0.0905634465396916,-0.032817653502163216,0.008246293548638602,0.00046296296296296336,5000,False
83,0.99,36,"/net/storage/pr3/plgrid/plggdnnp/reports/phase3, phase 3 intervention, trained with phase1=40, phase2=200, mm_cifar10, mm_resnet, sgd, epochs=200_overlap=0.0_lr=0.6_wd=0.0_lambda=1.0/2026-08-01_17-00-47-175297/checkpoints/model_step_phase3_candidate_epoch_36.pth",0.7826,0.6850320946158496,-0.039588504406067315,-0.06801225662748102,-0.011164752184653612,0.008118014914756402,0.00046296296296296336,5000,False
83,0.99,40,"/net/storage/pr3/plgrid/plggdnnp/reports/phase3, phase 3 intervention, trained with phase1=40, phase2=200, mm_cifar10, mm_resnet, sgd, epochs=200_overlap=0.0_lr=0.6_wd=0.0_lambda=1.0/2026-08-01_17-00-47-175297/checkpoints/model_step_phase3_candidate_epoch_40.pth",0.7792,0.7452245809820617,-0.04358568286832925,-0.07132485466069338,-0.01584651107596512,0.007922494137271297,0.00046296296296296336,5000,False
83,0.99,44,"/net/storage/pr3/plgrid/plggdnnp/reports/phase3, phase 3 intervention, trained with phase1=40, phase2=200, mm_cifar10, mm_resnet, sgd, epochs=200_overlap=0.0_lr=0.6_wd=0.0_lambda=1.0/2026-08-01_17-00-47-175297/checkpoints/model_step_phase3_candidate_epoch_44.pth",0.7934,0.6841527252635369,-0.026891584584764712,-0.054862729413489145,0.0010795602439597207,0.007988747197540221,0.00046296296296296336,5000,False
83,0.99,48,"/net/storage/pr3/plgrid/plggdnnp/reports/phase3, phase 3 intervention, trained with phase1=40, phase2=200, mm_cifar10, mm_resnet, sgd, epochs=200_overlap=0.0_lr=0.6_wd=0.0_lambda=1.0/2026-08-01_17-00-47-175297/checkpoints/model_step_phase3_candidate_epoch_48.pth",0.7904,0.7257272401813518,-0.03041850675734877,-0.058580994119793756,-0.0022560193949037813,0.008043395912828434,0.00046296296296296336,5000,False
83,0.99,52,"/net/storage/pr3/plgrid/plggdnnp/reports/phase3, phase 3 intervention, trained with phase1=40, phase2=200, mm_cifar10, mm_resnet, sgd, epochs=200_overlap=0.0_lr=0.6_wd=0.0_lambda=1.0/2026-08-01_17-00-47-175297/checkpoints/model_step_phase3_candidate_epoch_52.pth",0.787,0.7298294610073347,-0.0344156852196107,-0.0623934527418471,-0.0064379176973742985,0.00799063868337528,0.00046296296296296336,5000,False
83,0.99,56,"/net/storage/pr3/plgrid/plggdnnp/reports/phase3, phase 3 intervention, trained with phase1=40, phase2=200, mm_cifar10, mm_resnet, sgd, epochs=200_overlap=0.0_lr=0.6_wd=0.0_lambda=1.0/2026-08-01_17-00-47-175297/checkpoints/model_step_phase3_candidate_epoch_56.pth",0.795,0.732619880529159,-0.025010559426053208,-0.05276147147319956,0.0027403526210931436,0.007925847233044252,0.00046296296296296336,5000,False
83,0.99,60,"/net/storage/pr3/plgrid/plggdnnp/reports/phase3, phase 3 intervention, trained with phase1=40, phase2=200, mm_cifar10, mm_resnet, sgd, epochs=200_overlap=0.0_lr=0.6_wd=0.0_lambda=1.0/2026-08-01_17-00-47-175297/checkpoints/model_step_phase3_candidate_epoch_60.pth",0.8022,0.706518266026663,-0.016545946211851473,-0.04455041599945779,0.011458523575754845,0.00799826503006034,0.00046296296296296336,5000,False
83,0.99,64,"/net/storage/pr3/plgrid/plggdnnp/reports/phase3, phase 3 intervention, trained with phase1=40, phase2=200, mm_cifar10, mm_resnet, sgd, epochs=200_overlap=0.0_lr=0.6_wd=0.0_lambda=1.0/2026-08-01_17-00-47-175297/checkpoints/model_step_phase3_candidate_epoch_64.pth",0.7912,0.7837668828340437,-0.029477994177993013,-0.0574514524733292,-0.001504535882656824,0.007989407939173231,0.00046296296296296336,5000,False
83,0.99,68,"/net/storage/pr3/plgrid/plggdnnp/reports/phase3, phase 3 intervention, trained with phase1=40, phase2=200, mm_cifar10, mm_resnet, sgd, epochs=200_overlap=0.0_lr=0.6_wd=0.0_lambda=1.0/2026-08-01_17-00-47-175297/checkpoints/model_step_phase3_candidate_epoch_68.pth",0.7914,0.7668642908822092,-0.029242866033154076,-0.05688397790774693,-0.0016017541585612236,0.007894487564852358,0.00046296296296296336,5000,False
83,0.99,72,"/net/storage/pr3/plgrid/plggdnnp/reports/phase3, phase 3 intervention, trained with phase1=40, phase2=200, mm_cifar10, mm_resnet, sgd, epochs=200_overlap=0.0_lr=0.6_wd=0.0_lambda=1.0/2026-08-01_17-00-47-175297/checkpoints/model_step_phase3_candidate_epoch_72.pth",0.7964,0.7252589401213452,-0.023364662412180652,-0.05117960258062206,0.004450277756260758,0.0079441340953694,0.00046296296296296336,5000,False
83,0.99,76,"/net/storage/pr3/plgrid/plggdnnp/reports/phase3, phase 3 intervention, trained with phase1=40, phase2=200, mm_cifar10, mm_resnet, sgd, epochs=200_overlap=0.0_lr=0.6_wd=0.0_lambda=1.0/2026-08-01_17-00-47-175297/checkpoints/model_step_phase3_candidate_epoch_76.pth",0.7984,0.7649077571784788,-0.021013380963791278,-0.048876514149514466,0.0068497522219319075,0.007957898345424529,0.00046296296296296336,5000,False
83,0.99,80,"/net/storage/pr3/plgrid/plggdnnp/reports/phase3, phase 3 intervention, trained with phase1=40, phase2=200, mm_cifar10, mm_resnet, sgd, epochs=200_overlap=0.0_lr=0.6_wd=0.0_lambda=1.0/2026-08-01_17-00-47-175297/checkpoints/model_step_phase3_candidate_epoch_80.pth",0.7996,0.7761942075916735,-0.019602612094757655,-0.047429576532281054,0.008224352342765747,0.00794756830753767,0.00046296296296296336,5000,False
83,0.99,84,"/net/storage/pr3/plgrid/plggdnnp/reports/phase3, phase 3 intervention, trained with phase1=40, phase2=200, mm_cifar10, mm_resnet, sgd, epochs=200_overlap=0.0_lr=0.6_wd=0.0_lambda=1.0/2026-08-01_17-00-47-175297/checkpoints/model_step_phase3_candidate_epoch_84.pth",0.8018,0.7530327795469632,-0.017016202501529347,-0.04488386527157595,0.010851460268517254,0.00795919202518956,0.00046296296296296336,5000,False
83,0.99,88,"/net/storage/pr3/plgrid/plggdnnp/reports/phase3, phase 3 intervention, trained with phase1=40, phase2=200, mm_cifar10, mm_resnet, sgd, epochs=200_overlap=0.0_lr=0.6_wd=0.0_lambda=1.0/2026-08-01_17-00-47-175297/checkpoints/model_step_phase3_candidate_epoch_88.pth",0.8036,0.7477593285214095,-0.014900049197978913,-0.04266251073208174,0.012862412336123914,0.007929145844242383,0.00046296296296296336,5000,False
83,0.99,92,"/net/storage/pr3/plgrid/plggdnnp/reports/phase3, phase 3 intervention, trained with phase1=40, phase2=200, mm_cifar10, mm_resnet, sgd, epochs=200_overlap=0.0_lr=0.6_wd=0.0_lambda=1.0/2026-08-01_17-00-47-175297/checkpoints/model_step_phase3_candidate_epoch_92.pth",0.8048,0.7829908227882914,-0.013489280328945287,-0.040991559582026924,0.014012998924136353,0.007854836033861539,0.00046296296296296336,5000,False
83,0.99,96,"/net/storage/pr3/plgrid/plggdnnp/reports/phase3, phase 3 intervention, trained with phase1=40, phase2=200, mm_cifar10, mm_resnet, sgd, epochs=200_overlap=0.0_lr=0.6_wd=0.0_lambda=1.0/2026-08-01_17-00-47-175297/checkpoints/model_step_phase3_candidate_epoch_96.pth",0.8108,0.767933690571401,-0.006435435983777171,-0.033990314248871716,0.021119442281317374,0.007869858665662435,0.00046296296296296336,5000,False
83,0.99,100,"/net/storage/pr3/plgrid/plggdnnp/reports/phase3, phase 3 intervention, trained with phase1=40, phase2=200, mm_cifar10, mm_resnet, sgd, epochs=200_overlap=0.0_lr=0.6_wd=0.0_lambda=1.0/2026-08-01_17-00-47-175297/checkpoints/model_step_phase3_candidate_epoch_100.pth",0.8066,0.8016057569662978,-0.011373127025394853,-0.03919018847591962,0.01644393442512991,0.007944739947807774,0.00046296296296296336,5000,False
83,0.99,104,"/net/storage/pr3/plgrid/plggdnnp/reports/phase3, phase 3 intervention, trained with phase1=40, phase2=200, mm_cifar10, mm_resnet, sgd, epochs=200_overlap=0.0_lr=0.6_wd=0.0_lambda=1.0/2026-08-01_17-00-47-175297/checkpoints/model_step_phase3_candidate_epoch_104.pth",0.8048,0.8151987510966511,-0.013489280328945287,-0.040913322699809414,0.01393476204191884,0.007832491053797741,0.00046296296296296336,5000,False
83,0.99,108,"/net/storage/pr3/plgrid/plggdnnp/reports/phase3, phase 3 intervention, trained with phase1=40, phase2=200, mm_cifar10, mm_resnet, sgd, epochs=200_overlap=0.0_lr=0.6_wd=0.0_lambda=1.0/2026-08-01_17-00-47-175297/checkpoints/model_step_phase3_candidate_epoch_108.pth",0.7974,0.8860173528324035,-0.022189021687985963,-0.05008637928557171,0.005708335909599786,0.007967673067768884,0.00046296296296296336,5000,False
83,0.99,112,"/net/storage/pr3/plgrid/plggdnnp/reports/phase3, phase 3 intervention, trained with phase1=40, phase2=200, mm_cifar10, mm_resnet, sgd, epochs=200_overlap=0.0_lr=0.6_wd=0.0_lambda=1.0/2026-08-01_17-00-47-175297/checkpoints/model_step_phase3_candidate_epoch_112.pth",0.8118,0.8102558903314683,-0.005259795259582487,-0.03283127805694816,0.02231168753778319,0.007874601031820836,0.00046296296296296336,5000,False
83,0.99,116,"/net/storage/pr3/plgrid/plggdnnp/reports/phase3, phase 3 intervention, trained with phase1=40, phase2=200, mm_cifar10, mm_resnet, sgd, epochs=200_overlap=0.0_lr=0.6_wd=0.0_lambda=1.0/2026-08-01_17-00-47-175297/checkpoints/model_step_phase3_candidate_epoch_116.pth",0.8118,0.8240026963551937,-0.005259795259582485,-0.03275940152024804,0.02223981100108307,0.00785407260923935,0.00046296296296296336,5000,False
83,0.99,120,"/net/storage/pr3/plgrid/plggdnnp/reports/phase3, phase 3 intervention, trained with phase1=40, phase2=200, mm_cifar10, mm_resnet, sgd, epochs=200_overlap=0.0_lr=0.6_wd=0.0_lambda=1.0/2026-08-01_17-00-47-175297/checkpoints/model_step_phase3_candidate_epoch_120.pth",0.804,0.8666915397942675,-0.014429792908301034,-0.041973252514451824,0.013113666697849755,0.007866597419825157,0.00046296296296296336,5000,False
83,0.99,124,"/net/storage/pr3/plgrid/plggdnnp/reports/phase3, phase 3 intervention, trained with phase1=40, phase2=200, mm_cifar10, mm_resnet, sgd, epochs=200_overlap=0.0_lr=0.6_wd=0.0_lambda=1.0/2026-08-01_17-00-47-175297/checkpoints/model_step_phase3_candidate_epoch_124.pth",0.8108,0.8604716244545966,-0.006435435983777171,-0.03387223719580602,0.021001365228251676,0.00783613506469621,0.00046296296296296336,5000,False
83,0.99,128,"/net/storage/pr3/plgrid/plggdnnp/reports/phase3, phase 3 intervention, trained with phase1=40, phase2=200, mm_cifar10, mm_resnet, sgd, epochs=200_overlap=0.0_lr=0.6_wd=0.0_lambda=1.0/2026-08-01_17-00-47-175297/checkpoints/model_step_phase3_candidate_epoch_128.pth",0.8146,0.8095757270626367,-0.0019680012318373684,-0.029229070647245926,0.025293068183571188,0.00778594488097776,0.00046296296296296336,5000,False
83,0.99,132,"/net/storage/pr3/plgrid/plggdnnp/reports/phase3, phase 3 intervention, trained with phase1=40, phase2=200, mm_cifar10, mm_resnet, sgd, epochs=200_overlap=0.0_lr=0.6_wd=0.0_lambda=1.0/2026-08-01_17-00-47-175297/checkpoints/model_step_phase3_candidate_epoch_132.pth",0.809,0.8789991178840472,-0.00855158928732761,-0.036065899965086204,0.018962721390430988,0.007858272289715884,0.00046296296296296336,5000,False
83,0.99,136,"/net/storage/pr3/plgrid/plggdnnp/reports/phase3, phase 3 intervention, trained with phase1=40, phase2=200, mm_cifar10, mm_resnet, sgd, epochs=200_overlap=0.0_lr=0.6_wd=0.0_lambda=1.0/2026-08-01_17-00-47-175297/checkpoints/model_step_phase3_candidate_epoch_136.pth",0.8164,0.8355437425510083,0.00014815207171307065,-0.027317212161244987,0.02761351630467113,0.007844292855691135,0.00046296296296296336,5000,False
83,0.99,140,"/net/storage/pr3/plgrid/plggdnnp/reports/phase3, phase 3 intervention, trained with phase1=40, phase2=200, mm_cifar10, mm_resnet, sgd, epochs=200_overlap=0.0_lr=0.6_wd=0.0_lambda=1.0/2026-08-01_17-00-47-175297/checkpoints/model_step_phase3_candidate_epoch_140.pth",0.8146,0.8655164577195501,-0.001968001231837364,-0.029352114212335717,0.025416111748660986,0.007821086951200679,0.00046296296296296336,5000,False
83,0.99,144,"/net/storage/pr3/plgrid/plggdnnp/reports/phase3, phase 3 intervention, trained with phase1=40, phase2=200, mm_cifar10, mm_resnet, sgd, epochs=200_overlap=0.0_lr=0.6_wd=0.0_lambda=1.0/2026-08-01_17-00-47-175297/checkpoints/model_step_phase3_candidate_epoch_144.pth",0.8136,0.9252377972901688,-0.0031436419560320504,-0.030391251626449088,0.024103967714384986,0.007782100687229559,0.00046296296296296336,5000,False
83,0.99,148,"/net/storage/pr3/plgrid/plggdnnp/reports/phase3, phase 3 intervention, trained with phase1=40, phase2=200, mm_cifar10, mm_resnet, sgd, epochs=200_overlap=0.0_lr=0.6_wd=0.0_lambda=1.0/2026-08-01_17-00-47-175297/checkpoints/model_step_phase3_candidate_epoch_148.pth",0.8062,0.8948684197527904,-0.011843383315072727,-0.039166052229698864,0.015479285599553406,0.007803538112493938,0.00046296296296296336,5000,False
83,0.99,152,"/net/storage/pr3/plgrid/plggdnnp/reports/phase3, phase 3 intervention, trained with phase1=40, phase2=200, mm_cifar10, mm_resnet, sgd, epochs=200_overlap=0.0_lr=0.6_wd=0.0_lambda=1.0/2026-08-01_17-00-47-175297/checkpoints/model_step_phase3_candidate_epoch_152.pth",0.8142,0.8731962663492591,-0.0024382575215152386,-0.02957138151127758,0.0246948664682471,0.0077494028063923946,0.00046296296296296336,5000,False
83,0.99,156,"/net/storage/pr3/plgrid/plggdnnp/reports/phase3, phase 3 intervention, trained with phase1=40, phase2=200, mm_cifar10, mm_resnet, sgd, epochs=200_overlap=0.0_lr=0.6_wd=0.0_lambda=1.0/2026-08-01_17-00-47-175297/checkpoints/model_step_phase3_candidate_epoch_156.pth",0.8158,0.898241616181767,-0.0005572323628037396,-0.028107094784457533,0.026992630058850053,0.007868426107021166,0.00046296296296296336,5000,False
83,0.99,160,"/net/storage/pr3/plgrid/plggdnnp/reports/phase3, phase 3 intervention, trained with phase1=40, phase2=200, mm_cifar10, mm_resnet, sgd, epochs=200_overlap=0.0_lr=0.6_wd=0.0_lambda=1.0/2026-08-01_17-00-47-175297/checkpoints/model_step_phase3_candidate_epoch_160.pth",0.8136,0.8764884247411434,-0.0031436419560320495,-0.03054158243812896,0.02425429852606486,0.007825036178710703,0.00046296296296296336,5000,False
83,0.99,164,"/net/storage/pr3/plgrid/plggdnnp/reports/phase3, phase 3 intervention, trained with phase1=40, phase2=200, mm_cifar10, mm_resnet, sgd, epochs=200_overlap=0.0_lr=0.6_wd=0.0_lambda=1.0/2026-08-01_17-00-47-175297/checkpoints/model_step_phase3_candidate_epoch_164.pth",0.8118,0.9584873912054507,-0.005259795259582486,-0.03249414835136157,0.021974557832196602,0.007778314519159165,0.00046296296296296336,5000,False
83,0.99,168,"/net/storage/pr3/plgrid/plggdnnp/reports/phase3, phase 3 intervention, trained with phase1=40, phase2=200, mm_cifar10, mm_resnet, sgd, epochs=200_overlap=0.0_lr=0.6_wd=0.0_lambda=1.0/2026-08-01_17-00-47-175297/checkpoints/model_step_phase3_candidate_epoch_168.pth",0.8094,0.9594731296096489,-0.008081332997649732,-0.0356695530110599,0.019506887015760435,0.007879381293357817,0.00046296296296296336,5000,False
83,0.99,172,"/net/storage/pr3/plgrid/plggdnnp/reports/phase3, phase 3 intervention, trained with phase1=40, phase2=200, mm_cifar10, mm_resnet, sgd, epochs=200_overlap=0.0_lr=0.6_wd=0.0_lambda=1.0/2026-08-01_17-00-47-175297/checkpoints/model_step_phase3_candidate_epoch_172.pth",0.813,0.9351966997783816,-0.0038490263905488617,-0.03132283060672963,0.023624777825631906,0.007846703371697204,0.00046296296296296336,5000,False
83,0.99,176,"/net/storage/pr3/plgrid/plggdnnp/reports/phase3, phase 3 intervention, trained with phase1=40, phase2=200, mm_cifar10, mm_resnet, sgd, epochs=200_overlap=0.0_lr=0.6_wd=0.0_lambda=1.0/2026-08-01_17-00-47-175297/checkpoints/model_step_phase3_candidate_epoch_176.pth",0.8154,0.9250082973607464,-0.0010274886524816139,-0.02824464920676989,0.026189671901806662,0.0077734042147529865,0.00046296296296296336,5000,False
83,0.99,180,"/net/storage/pr3/plgrid/plggdnnp/reports/phase3, phase 3 intervention, trained with phase1=40, phase2=200, mm_cifar10, mm_resnet, sgd, epochs=200_overlap=0.0_lr=0.6_wd=0.0_lambda=1.0/2026-08-01_17-00-47-175297/checkpoints/model_step_phase3_candidate_epoch_180.pth",0.8172,0.9833943697418178,0.0010886646510688196,-0.026252240773642768,0.028429570075780407,0.007808746582498658,0.00046296296296296336,5000,False
83,0.99,184,"/net/storage/pr3/plgrid/plggdnnp/reports/phase3, phase 3 intervention, trained with phase1=40, phase2=200, mm_cifar10, mm_resnet, sgd, epochs=200_overlap=0.0_lr=0.6_wd=0.0_lambda=1.0/2026-08-01_17-00-47-175297/checkpoints/model_step_phase3_candidate_epoch_184.pth",0.8164,0.9470258405136155,0.00014815207171307065,-0.02721757802348155,0.027513882166907692,0.007815836675448573,0.00046296296296296336,5000,False
83,0.99,188,"/net/storage/pr3/plgrid/plggdnnp/reports/phase3, phase 3 intervention, trained with phase1=40, phase2=200, mm_cifar10, mm_resnet, sgd, epochs=200_overlap=0.0_lr=0.6_wd=0.0_lambda=1.0/2026-08-01_17-00-47-175297/checkpoints/model_step_phase3_candidate_epoch_188.pth",0.8204,0.9393752608172816,0.004850714968491814,-0.022372447372304826,0.03207387730928846,0.007775118365369364,0.00046296296296296336,5000,False
83,0.99,192,"/net/storage/pr3/plgrid/plggdnnp/reports/phase3, phase 3 intervention, trained with phase1=40, phase2=200, mm_cifar10, mm_resnet, sgd, epochs=200_overlap=0.0_lr=0.6_wd=0.0_lambda=1.0/2026-08-01_17-00-47-175297/checkpoints/model_step_phase3_candidate_epoch_192.pth",0.814,0.9390616193081801,-0.0026733856663541757,-0.029923112080718763,0.02457634074801041,0.007782705243545807,0.00046296296296296336,5000,False
83,0.99,196,"/net/storage/pr3/plgrid/plggdnnp/reports/phase3, phase 3 intervention, trained with phase1=40, phase2=200, mm_cifar10, mm_resnet, sgd, epochs=200_overlap=0.0_lr=0.6_wd=0.0_lambda=1.0/2026-08-01_17-00-47-175297/checkpoints/model_step_phase3_candidate_epoch_196.pth",0.8196,0.9614376080625114,0.003910202389136066,-0.023261737362428155,0.031082142140700285,0.007760488849177341,0.00046296296296296336,5000,False
83,0.99,200,"/net/storage/pr3/plgrid/plggdnnp/reports/phase3, phase 3 intervention, trained with phase1=40, phase2=200, mm_cifar10, mm_resnet, sgd, epochs=200_overlap=0.0_lr=0.6_wd=0.0_lambda=1.0/2026-08-01_17-00-47-175297/checkpoints/model_step_phase3_candidate_epoch_200.pth",0.8198,0.9791780684948768,0.004145330533975001,-0.023044480545558625,0.03133514161350863,0.00776559302071219,0.00046296296296296336,5000,False
83,1.0,0,"/net/storage/pr3/plgrid/plggdnnp/reports/phase3, phase 3 intervention, trained with phase1=40, phase2=200, mm_cifar10, mm_resnet, sgd, epochs=200_overlap=0.0_lr=0.6_wd=0.0_lambda=1.0/2026-08-01_17-00-47-175297/checkpoints/model_step_phase3_pre_intervention.pth",0.2596,5.052744558971103,-0.661059195110998,-0.6941058607151003,-0.6280125295068957,0.009438350087183769,0.00046296296296296336,5000,False
83,1.0,1,"/net/storage/pr3/plgrid/plggdnnp/reports/phase3, phase 3 intervention, trained with phase1=40, phase2=200, mm_cifar10, mm_resnet, sgd, epochs=200_overlap=0.0_lr=0.6_wd=0.0_lambda=1.0/2026-08-01_17-00-47-175297/checkpoints/model_step_phase3_candidate_epoch_1.pth",0.5052,1.4080390739821915,-0.3723218332487831,-0.40608430795035005,-0.33855935854721614,0.009642789982524493,0.00046296296296296336,5000,False
83,1.0,2,"/net/storage/pr3/plgrid/plggdnnp/reports/phase3, phase 3 intervention, trained with phase1=40, phase2=200, mm_cifar10, mm_resnet, sgd, epochs=200_overlap=0.0_lr=0.6_wd=0.0_lambda=1.0/2026-08-01_17-00-47-175297/checkpoints/model_step_phase3_candidate_epoch_2.pth",0.5412,1.3276923655059834,-0.3299987671777744,-0.36328597781014005,-0.2967115565454087,0.009507051366026245,0.00046296296296296336,5000,False
83,1.0,3,"/net/storage/pr3/plgrid/plggdnnp/reports/phase3, phase 3 intervention, trained with phase1=40, phase2=200, mm_cifar10, mm_resnet, sgd, epochs=200_overlap=0.0_lr=0.6_wd=0.0_lambda=1.0/2026-08-01_17-00-47-175297/checkpoints/model_step_phase3_candidate_epoch_3.pth",0.5628,1.2289947647378565,-0.3046049275351692,-0.33750712433443913,-0.2717027307358993,0.009397088824307204,0.00046296296296296336,5000,False
83,1.0,4,"/net/storage/pr3/plgrid/plggdnnp/reports/phase3, phase 3 intervention, trained with phase1=40, phase2=200, mm_cifar10, mm_resnet, sgd, epochs=200_overlap=0.0_lr=0.6_wd=0.0_lambda=1.0/2026-08-01_17-00-47-175297/checkpoints/model_step_phase3_candidate_epoch_4.pth",0.5776,1.2229261357195955,-0.2872054448170878,-0.3198866853365079,-0.25452420429766776,0.009333982223835953,0.00046296296296296336,5000,False
83,1.0,8,"/net/storage/pr3/plgrid/plggdnnp/reports/phase3, phase 3 intervention, trained with phase1=40, phase2=200, mm_cifar10, mm_resnet, sgd, epochs=200_overlap=0.0_lr=0.6_wd=0.0_lambda=1.0/2026-08-01_17-00-47-175297/checkpoints/model_step_phase3_candidate_epoch_8.pth",0.649,1.0525270733888135,-0.20326469710958722,-0.23512649657030854,-0.1714028976488659,0.009099944342965724,0.00046296296296296336,5000,False
83,1.0,12,"/net/storage/pr3/plgrid/plggdnnp/reports/phase3, phase 3 intervention, trained with phase1=40, phase2=200, mm_cifar10, mm_resnet, sgd, epochs=200_overlap=0.0_lr=0.6_wd=0.0_lambda=1.0/2026-08-01_17-00-47-175297/checkpoints/model_step_phase3_candidate_epoch_12.pth",0.6926,0.8797684737775863,-0.15200676153469891,-0.18247802478965694,-0.12153549827974088,0.008702797844855224,0.00046296296296296336,5000,False
83,1.0,16,"/net/storage/pr3/plgrid/plggdnnp/reports/phase3, phase 3 intervention, trained with phase1=40, phase2=200, mm_cifar10, mm_resnet, sgd, epochs=200_overlap=0.0_lr=0.6_wd=0.0_lambda=1.0/2026-08-01_17-00-47-175297/checkpoints/model_step_phase3_candidate_epoch_16.pth",0.7178,0.8366360758171071,-0.12238061528499283,-0.15268645635813732,-0.09207477421184833,0.008655552156505108,0.00046296296296296336,5000,False
83,1.0,20,"/net/storage/pr3/plgrid/plggdnnp/reports/phase3, phase 3 intervention, trained with phase1=40, phase2=200, mm_cifar10, mm_resnet, sgd, epochs=200_overlap=0.0_lr=0.6_wd=0.0_lambda=1.0/2026-08-01_17-00-47-175297/checkpoints/model_step_phase3_candidate_epoch_20.pth",0.7492,0.7665518118223017,-0.08546549654527968,-0.11506197490653722,-0.055869018184022144,0.008452953392266937,0.00046296296296296336,5000,False
83,1.0,24,"/net/storage/pr3/plgrid/plggdnnp/reports/phase3, phase 3 intervention, trained with phase1=40, phase2=200, mm_cifar10, mm_resnet, sgd, epochs=200_overlap=0.0_lr=0.6_wd=0.0_lambda=1.0/2026-08-01_17-00-47-175297/checkpoints/model_step_phase3_candidate_epoch_24.pth",0.7432,0.7821394122269023,-0.09251934089044779,-0.12237651755485493,-0.06266216422604065,0.008527410582040273,0.00046296296296296336,5000,False
83,1.0,28,"/net/storage/pr3/plgrid/plggdnnp/reports/phase3, phase 3 intervention, trained with phase1=40, phase2=200, mm_cifar10, mm_resnet, sgd, epochs=200_overlap=0.0_lr=0.6_wd=0.0_lambda=1.0/2026-08-01_17-00-47-175297/checkpoints/model_step_phase3_candidate_epoch_28.pth",0.757,0.7203171610915085,-0.07629549889656113,-0.10565098051181628,-0.04694001728130599,0.008384123099798326,0.00046296296296296336,5000,False
83,1.0,32,"/net/storage/pr3/plgrid/plggdnnp/reports/phase3, phase 3 intervention, trained with phase1=40, phase2=200, mm_cifar10, mm_resnet, sgd, epochs=200_overlap=0.0_lr=0.6_wd=0.0_lambda=1.0/2026-08-01_17-00-47-175297/checkpoints/model_step_phase3_candidate_epoch_32.pth",0.7638,0.7636927505790471,-0.06830114197203727,-0.09729529575552602,-0.03930698818854851,0.008280925439456133,0.00046296296296296336,5000,False
83,1.0,36,"/net/storage/pr3/plgrid/plggdnnp/reports/phase3, phase 3 intervention, trained with phase1=40, phase2=200, mm_cifar10, mm_resnet, sgd, epochs=200_overlap=0.0_lr=0.6_wd=0.0_lambda=1.0/2026-08-01_17-00-47-175297/checkpoints/model_step_phase3_candidate_epoch_36.pth",0.7826,0.6850320946158496,-0.046199096357177165,-0.07475280035968584,-0.017645392354668478,0.008155130017959894,0.00046296296296296336,5000,False
83,1.0,40,"/net/storage/pr3/plgrid/plggdnnp/reports/phase3, phase 3 intervention, trained with phase1=40, phase2=200, mm_cifar10, mm_resnet, sgd, epochs=200_overlap=0.0_lr=0.6_wd=0.0_lambda=1.0/2026-08-01_17-00-47-175297/checkpoints/model_step_phase3_candidate_epoch_40.pth",0.7792,0.7452245809820617,-0.05019627481943909,-0.0780531775427102,-0.022339372096167983,0.007956118883419731,0.00046296296296296336,5000,False
83,1.0,44,"/net/storage/pr3/plgrid/plggdnnp/reports/phase3, phase 3 intervention, trained with phase1=40, phase2=200, mm_cifar10, mm_resnet, sgd, epochs=200_overlap=0.0_lr=0.6_wd=0.0_lambda=1.0/2026-08-01_17-00-47-175297/checkpoints/model_step_phase3_candidate_epoch_44.pth",0.7934,0.6841527252635369,-0.03350217653587455,-0.0616089492677956,-0.005395403803953494,0.00802748343941394,0.00046296296296296336,5000,False
83,1.0,48,"/net/storage/pr3/plgrid/plggdnnp/reports/phase3, phase 3 intervention, trained with phase1=40, phase2=200, mm_cifar10, mm_resnet, sgd, epochs=200_overlap=0.0_lr=0.6_wd=0.0_lambda=1.0/2026-08-01_17-00-47-175297/checkpoints/model_step_phase3_candidate_epoch_48.pth",0.7904,0.7257272401813518,-0.03702909870845861,-0.06532543486571694,-0.008732762551200274,0.008081624029375211,0.00046296296296296336,5000,False
83,1.0,52,"/net/storage/pr3/plgrid/plggdnnp/reports/phase3, phase 3 intervention, trained with phase1=40, phase2=200, mm_cifar10, mm_resnet, sgd, epochs=200_overlap=0.0_lr=0.6_wd=0.0_lambda=1.0/2026-08-01_17-00-47-175297/checkpoints/model_step_phase3_candidate_epoch_52.pth",0.787,0.7298294610073347,-0.04102627717072054,-0.06912850617695564,-0.01292404816448545,0.008026185720780598,0.00046296296296296336,5000,False
83,1.0,56,"/net/storage/pr3/plgrid/plggdnnp/reports/phase3, phase 3 intervention, trained with phase1=40, phase2=200, mm_cifar10, mm_resnet, sgd, epochs=200_overlap=0.0_lr=0.6_wd=0.0_lambda=1.0/2026-08-01_17-00-47-175297/checkpoints/model_step_phase3_candidate_epoch_56.pth",0.795,0.732619880529159,-0.03162115137716305,-0.059494573127735775,-0.0037477296265903265,0.007960836828783424,0.00046296296296296336,5000,False
83,1.0,60,"/net/storage/pr3/plgrid/plggdnnp/reports/phase3, phase 3 intervention, trained with phase1=40, phase2=200, mm_cifar10, mm_resnet, sgd, epochs=200_overlap=0.0_lr=0.6_wd=0.0_lambda=1.0/2026-08-01_17-00-47-175297/checkpoints/model_step_phase3_candidate_epoch_60.pth",0.8022,0.706518266026663,-0.023156538162961315,-0.05129429894618212,0.0049812226202594935,0.008036333835402162,0.00046296296296296336,5000,False
83,1.0,64,"/net/storage/pr3/plgrid/plggdnnp/reports/phase3, phase 3 intervention, trained with phase1=40, phase2=200, mm_cifar10, mm_resnet, sgd, epochs=200_overlap=0.0_lr=0.6_wd=0.0_lambda=1.0/2026-08-01_17-00-47-175297/checkpoints/model_step_phase3_candidate_epoch_64.pth",0.7912,0.7837668828340437,-0.03608858612910286,-0.06419808399375243,-0.007979088264453288,0.008028261755660241,0.00046296296296296336,5000,False
83,1.0,68,"/net/storage/pr3/plgrid/plggdnnp/reports/phase3, phase 3 intervention, trained with phase1=40, phase2=200, mm_cifar10, mm_resnet, sgd, epochs=200_overlap=0.0_lr=0.6_wd=0.0_lambda=1.0/2026-08-01_17-00-47-175297/checkpoints/model_step_phase3_candidate_epoch_68.pth",0.7914,0.7668642908822092,-0.035853457984263926,-0.06361556857744366,-0.008091347391084198,0.007929045613153055,0.00046296296296296336,5000,False
83,1.0,72,"/net/storage/pr3/plgrid/plggdnnp/reports/phase3, phase 3 intervention, trained with phase1=40, phase2=200, mm_cifar10, mm_resnet, sgd, epochs=200_overlap=0.0_lr=0.6_wd=0.0_lambda=1.0/2026-08-01_17-00-47-175297/checkpoints/model_step_phase3_candidate_epoch_72.pth",0.7964,0.7252589401213452,-0.02997525436329049,-0.057914108921170826,-0.00203639980541016,0.007979524878886724,0.00046296296296296336,5000,False
83,1.0,76,"/net/storage/pr3/plgrid/plggdnnp/reports/phase3, phase 3 intervention, trained with phase1=40, phase2=200, mm_cifar10, mm_resnet, sgd, epochs=200_overlap=0.0_lr=0.6_wd=0.0_lambda=1.0/2026-08-01_17-00-47-175297/checkpoints/model_step_phase3_candidate_epoch_76.pth",0.7984,0.7649077571784788,-0.027623972914901117,-0.05561798883151083,0.000370043001708599,0.0079952793341534,0.00046296296296296336,5000,False
83,1.0,80,"/net/storage/pr3/plgrid/plggdnnp/reports/phase3, phase 3 intervention, trained with phase1=40, phase2=200, mm_cifar10, mm_resnet, sgd, epochs=200_overlap=0.0_lr=0.6_wd=0.0_lambda=1.0/2026-08-01_17-00-47-175297/checkpoints/model_step_phase3_candidate_epoch_80.pth",0.7996,0.7761942075916735,-0.026213204045867498,-0.054163321047693905,0.0017369129559589094,0.007982741508669402,0.00046296296296296336,5000,False
83,1.0,84,"/net/storage/pr3/plgrid/plggdnnp/reports/phase3, phase 3 intervention, trained with phase1=40, phase2=200, mm_cifar10, mm_resnet, sgd, epochs=200_overlap=0.0_lr=0.6_wd=0.0_lambda=1.0/2026-08-01_17-00-47-175297/checkpoints/model_step_phase3_candidate_epoch_84.pth",0.8018,0.7530327795469632,-0.023626794452639193,-0.05161990724831375,0.0043663183430353684,0.007995021396736683,0.00046296296296296336,5000,False
83,1.0,88,"/net/storage/pr3/plgrid/plggdnnp/reports/phase3, phase 3 intervention, trained with phase1=40, phase2=200, mm_cifar10, mm_resnet, sgd, epochs=200_overlap=0.0_lr=0.6_wd=0.0_lambda=1.0/2026-08-01_17-00-47-175297/checkpoints/model_step_phase3_candidate_epoch_88.pth",0.8036,0.7477593285214095,-0.021510641149088752,-0.049401007596957244,0.006379725298779736,0.007965676348362033,0.00046296296296296336,5000,False
83,1.0,92,"/net/storage/pr3/plgrid/plggdnnp/reports/phase3, phase 3 intervention, trained with phase1=40, phase2=200, mm_cifar10, mm_resnet, sgd, epochs=200_overlap=0.0_lr=0.6_wd=0.0_lambda=1.0/2026-08-01_17-00-47-175297/checkpoints/model_step_phase3_candidate_epoch_92.pth",0.8048,0.7829908227882914,-0.02009987228005513,-0.047727707492475166,0.00752796293236491,0.007890695660789253,0.00046296296296296336,5000,False
83,1.0,96,"/net/storage/pr3/plgrid/plggdnnp/reports/phase3, phase 3 intervention, trained with phase1=40, phase2=200, mm_cifar10, mm_resnet, sgd, epochs=200_overlap=0.0_lr=0.6_wd=0.0_lambda=1.0/2026-08-01_17-00-47-175297/checkpoints/model_step_phase3_candidate_epoch_96.pth",0.8108,0.767933690571401,-0.013046027934887013,-0.04073650798972358,0.014644452119949553,0.007908587449357787,0.00046296296296296336,5000,False
83,1.0,100,"/net/storage/pr3/plgrid/plggdnnp/reports/phase3, phase 3 intervention, trained with phase1=40, phase2=200, mm_cifar10, mm_resnet, sgd, epochs=200_overlap=0.0_lr=0.6_wd=0.0_lambda=1.0/2026-08-01_17-00-47-175297/checkpoints/model_step_phase3_candidate_epoch_100.pth",0.8066,0.8016057569662978,-0.017983718976504692,-0.04594213450910101,0.009974696556091619,0.007985111624903032,0.00046296296296296336,5000,False
83,1.0,104,"/net/storage/pr3/plgrid/plggdnnp/reports/phase3, phase 3 intervention, trained with phase1=40, phase2=200, mm_cifar10, mm_resnet, sgd, epochs=200_overlap=0.0_lr=0.6_wd=0.0_lambda=1.0/2026-08-01_17-00-47-175297/checkpoints/model_step_phase3_candidate_epoch_104.pth",0.8048,0.8151987510966511,-0.020099872280055126,-0.04765475545625451,0.0074550108961442575,0.007869860068307028,0.00046296296296296336,5000,False
83,1.0,108,"/net/storage/pr3/plgrid/plggdnnp/reports/phase3, phase 3 intervention, trained with phase1=40, phase2=200, mm_cifar10, mm_resnet, sgd, epochs=200_overlap=0.0_lr=0.6_wd=0.0_lambda=1.0/2026-08-01_17-00-47-175297/checkpoints/model_step_phase3_candidate_epoch_108.pth",0.7974,0.8860173528324035,-0.028799613639095806,-0.05682603676231613,-0.0007731905158754812,0.008004535050448743,0.00046296296296296336,5000,False
83,1.0,112,"/net/storage/pr3/plgrid/plggdnnp/reports/phase3, phase 3 intervention, trained with phase1=40, phase2=200, mm_cifar10, mm_resnet, sgd, epochs=200_overlap=0.0_lr=0.6_wd=0.0_lambda=1.0/2026-08-01_17-00-47-175297/checkpoints/model_step_phase3_candidate_epoch_112.pth",0.8118,0.8102558903314683,-0.011870387210692328,-0.039574902671381196,0.015834128249996544,0.007912596055721793,0.00046296296296296336,5000,False
83,1.0,116,"/net/storage/pr3/plgrid/plggdnnp/reports/phase3, phase 3 intervention, trained with phase1=40, phase2=200, mm_cifar10, mm_resnet, sgd, epochs=200_overlap=0.0_lr=0.6_wd=0.0_lambda=1.0/2026-08-01_17-00-47-175297/checkpoints/model_step_phase3_candidate_epoch_116.pth",0.8118,0.8240026963551937,-0.011870387210692328,-0.03950215308334166,0.015761378661957003,0.007891818283802487,0.00046296296296296336,5000,False
83,1.0,120,"/net/storage/pr3/plgrid/plggdnnp/reports/phase3, phase 3 intervention, trained with phase1=40, phase2=200, mm_cifar10, mm_resnet, sgd, epochs=200_overlap=0.0_lr=0.6_wd=0.0_lambda=1.0/2026-08-01_17-00-47-175297/checkpoints/model_step_phase3_candidate_epoch_120.pth",0.804,0.8666915397942675,-0.02104038485941088,-0.04871453198877261,0.006633762269950848,0.007903922655928212,0.00046296296296296336,5000,False
83,1.0,124,"/net/storage/pr3/plgrid/plggdnnp/reports/phase3, phase 3 intervention, trained with phase1=40, phase2=200, mm_cifar10, mm_resnet, sgd, epochs=200_overlap=0.0_lr=0.6_wd=0.0_lambda=1.0/2026-08-01_17-00-47-175297/checkpoints/model_step_phase3_candidate_epoch_124.pth",0.8108,0.8604716244545966,-0.013046027934887008,-0.040615090297426056,0.014523034427652041,0.007873909739345807,0.00046296296296296336,5000,False
83,1.0,128,"/net/storage/pr3/plgrid/plggdnnp/reports/phase3, phase 3 intervention, trained with phase1=40, phase2=200, mm_cifar10, mm_resnet, sgd, epochs=200_overlap=0.0_lr=0.6_wd=0.0_lambda=1.0/2026-08-01_17-00-47-175297/checkpoints/model_step_phase3_candidate_epoch_128.pth",0.8146,0.8095757270626367,-0.008578593182947208,-0.03597125221101857,0.018814065845124153,0.007823527759898963,0.00046296296296296336,5000,False
83,1.0,132,"/net/storage/pr3/plgrid/plggdnnp/reports/phase3, phase 3 intervention, trained with phase1=40, phase2=200, mm_cifar10, mm_resnet, sgd, epochs=200_overlap=0.0_lr=0.6_wd=0.0_lambda=1.0/2026-08-01_17-00-47-175297/checkpoints/model_step_phase3_candidate_epoch_132.pth",0.809,0.8789991178840472,-0.015162181238437449,-0.0428125154184332,0.0124881529415583,0.0078971215173378,0.00046296296296296336,5000,False
83,1.0,136,"/net/storage/pr3/plgrid/plggdnnp/reports/phase3, phase 3 intervention, trained with phase1=40, phase2=200, mm_cifar10, mm_resnet, sgd, epochs=200_overlap=0.0_lr=0.6_wd=0.0_lambda=1.0/2026-08-01_17-00-47-175297/checkpoints/model_step_phase3_candidate_epoch_136.pth",0.8164,0.8355437425510083,-0.006462439879396771,-0.03406505611921212,0.021140176360418577,0.007883492952499899,0.00046296296296296336,5000,False
83,1.0,140,"/net/storage/pr3/plgrid/plggdnnp/reports/phase3, phase 3 intervention, trained with phase1=40, phase2=200, mm_cifar10, mm_resnet, sgd, epochs=200_overlap=0.0_lr=0.6_wd=0.0_lambda=1.0/2026-08-01_17-00-47-175297/checkpoints/model_step_phase3_candidate_epoch_140.pth",0.8146,0.8655164577195501,-0.008578593182947203,-0.036093448347856105,0.018936261981961695,0.00785842779891019,0.00046296296296296336,5000,False
83,1.0,144,"/net/storage/pr3/plgrid/plggdnnp/reports/phase3, phase 3 intervention, trained with phase1=40, phase2=200, mm_cifar10, mm_resnet, sgd, epochs=200_overlap=0.0_lr=0.6_wd=0.0_lambda=1.0/2026-08-01_17-00-47-175297/checkpoints/model_step_phase3_candidate_epoch_144.pth",0.8136,0.9252377972901688,-0.00975423390714189,-0.03713304429590843,0.017624576481624642,0.00781957249531778,0.00046296296296296336,5000,False
83,1.0,148,"/net/storage/pr3/plgrid/plggdnnp/reports/phase3, phase 3 intervention, trained with phase1=40, phase2=200, mm_cifar10, mm_resnet, sgd, epochs=200_overlap=0.0_lr=0.6_wd=0.0_lambda=1.0/2026-08-01_17-00-47-175297/checkpoints/model_step_phase3_candidate_epoch_148.pth",0.8062,0.8948684197527904,-0.018453975266182567,-0.04590278678329165,0.008994836250926515,0.007839565288651606,0.00046296296296296336,5000,False
83,1.0,152,"/net/storage/pr3/plgrid/plggdnnp/reports/phase3, phase 3 intervention, trained with phase1=40, phase2=200, mm_cifar10, mm_resnet, sgd, epochs=200_overlap=0.0_lr=0.6_wd=0.0_lambda=1.0/2026-08-01_17-00-47-175297/checkpoints/model_step_phase3_candidate_epoch_152.pth",0.8142,0.8731962663492591,-0.009048849472625077,-0.036318137532519466,0.018220438587269315,0.007788292181151057,0.00046296296296296336,5000,False
83,1.0,156,"/net/storage/pr3/plgrid/plggdnnp/reports/phase3, phase 3 intervention, trained with phase1=40, phase2=200, mm_cifar10, mm_resnet, sgd, epochs=200_overlap=0.0_lr=0.6_wd=0.0_lambda=1.0/2026-08-01_17-00-47-175297/checkpoints/model_step_phase3_candidate_epoch_156.pth",0.8158,0.898241616181767,-0.00716782431391358,-0.034854583987402786,0.020518935359575625,0.007907524883408323,0.00046296296296296336,5000,False
83,1.0,160,"/net/storage/pr3/plgrid/plggdnnp/reports/phase3, phase 3 intervention, trained with phase1=40, phase2=200, mm_cifar10, mm_resnet, sgd, epochs=200_overlap=0.0_lr=0.6_wd=0.0_lambda=1.0/2026-08-01_17-00-47-175297/checkpoints/model_step_phase3_candidate_epoch_160.pth",0.8136,0.8764884247411434,-0.009754233907141889,-0.03727968833836449,0.017771220524080707,0.007861455020698143,0.00046296296296296336,5000,False
83,1.0,164,"/net/storage/pr3/plgrid/plggdnnp/reports/phase3, phase 3 intervention, trained with phase1=40, phase2=200, mm_cifar10, mm_resnet, sgd, epochs=200_overlap=0.0_lr=0.6_wd=0.0_lambda=1.0/2026-08-01_17-00-47-175297/checkpoints/model_step_phase3_candidate_epoch_164.pth",0.8118,0.9584873912054507,-0.011870387210692326,-0.03923374986556155,0.015492975444176901,0.007815160518559728,0.00046296296296296336,5000,False
83,1.0,168,"/net/storage/pr3/plgrid/plggdnnp/reports/phase3, phase 3 intervention, trained with phase1=40, phase2=200, mm_cifar10, mm_resnet, sgd, epochs=200_overlap=0.0_lr=0.6_wd=0.0_lambda=1.0/2026-08-01_17-00-47-175297/checkpoints/model_step_phase3_candidate_epoch_168.pth",0.8094,0.9594731296096489,-0.014691924948759575,-0.04241583129806578,0.013031981400546634,0.007918134224003717,0.00046296296296296336,5000,False
83,1.0,172,"/net/storage/pr3/plgrid/plggdnnp/reports/phase3, phase 3 intervention, trained with phase1=40, phase2=200, mm_cifar10, mm_resnet, sgd, epochs=200_overlap=0.0_lr=0.6_wd=0.0_lambda=1.0/2026-08-01_17-00-47-175297/checkpoints/model_step_phase3_candidate_epoch_172.pth",0.813,0.9351966997783816,-0.010459618341658702,-0.0380692451234224,0.017150008440105,0.007885495210458452,0.00046296296296296336,5000,False
83,1.0,176,"/net/storage/pr3/plgrid/plggdnnp/reports/phase3, phase 3 intervention, trained with phase1=40, phase2=200, mm_cifar10, mm_resnet, sgd, epochs=200_overlap=0.0_lr=0.6_wd=0.0_lambda=1.0/2026-08-01_17-00-47-175297/checkpoints/model_step_phase3_candidate_epoch_176.pth",0.8154,0.9250082973607464,-0.007638080603591456,-0.03498289990712611,0.0197067386999432,0.007809864412629343,0.00046296296296296336,5000,False
83,1.0,180,"/net/storage/pr3/plgrid/plggdnnp/reports/phase3, phase 3 intervention, trained with phase1=40, phase2=200, mm_cifar10, mm_resnet, sgd, epochs=200_overlap=0.0_lr=0.6_wd=0.0_lambda=1.0/2026-08-01_17-00-47-175297/checkpoints/model_step_phase3_candidate_epoch_180.pth",0.8172,0.9833943697418178,-0.00552192730004102,-0.033003745728060106,0.021959891127978068,0.007848992284530622,0.00046296296296296336,5000,False
83,1.0,184,"/net/storage/pr3/plgrid/plggdnnp/reports/phase3, phase 3 intervention, trained with phase1=40, phase2=200, mm_cifar10, mm_resnet, sgd, epochs=200_overlap=0.0_lr=0.6_wd=0.0_lambda=1.0/2026-08-01_17-00-47-175297/checkpoints/model_step_phase3_candidate_epoch_184.pth",0.8164,0.9470258405136155,-0.006462439879396773,-0.03396765455567825,0.02104277479688471,0.007855674410481621,0.00046296296296296336,5000,False
83,1.0,188,"/net/storage/pr3/plgrid/plggdnnp/reports/phase3, phase 3 intervention, trained with phase1=40, phase2=200, mm_cifar10, mm_resnet, sgd, epochs=200_overlap=0.0_lr=0.6_wd=0.0_lambda=1.0/2026-08-01_17-00-47-175297/checkpoints/model_step_phase3_candidate_epoch_188.pth",0.8204,0.9393752608172816,-0.0017598769826180259,-0.02912260895177555,0.025602854986539497,0.007814980390476206,0.00046296296296296336,5000,False
83,1.0,192,"/net/storage/pr3/plgrid/plggdnnp/reports/phase3, phase 3 intervention, trained with phase1=40, phase2=200, mm_cifar10, mm_resnet, sgd, epochs=200_overlap=0.0_lr=0.6_wd=0.0_lambda=1.0/2026-08-01_17-00-47-175297/checkpoints/model_step_phase3_candidate_epoch_192.pth",0.814,0.9390616193081801,-0.009283977617464014,-0.036663442485444626,0.0180954872505166,0.007819759418985701,0.00046296296296296336,5000,False
83,1.0,196,"/net/storage/pr3/plgrid/plggdnnp/reports/phase3, phase 3 intervention, trained with phase1=40, phase2=200, mm_cifar10, mm_resnet, sgd, epochs=200_overlap=0.0_lr=0.6_wd=0.0_lambda=1.0/2026-08-01_17-00-47-175297/checkpoints/model_step_phase3_candidate_epoch_196.pth",0.8196,0.9614376080625114,-0.002700389561973776,-0.030013339849467885,0.02461256072552033,0.007800762407182614,0.00046296296296296336,5000,False
83,1.0,200,"/net/storage/pr3/plgrid/plggdnnp/reports/phase3, phase 3 intervention, trained with phase1=40, phase2=200, mm_cifar10, mm_resnet, sgd, epochs=200_overlap=0.0_lr=0.6_wd=0.0_lambda=1.0/2026-08-01_17-00-47-175297/checkpoints/model_step_phase3_candidate_epoch_200.pth",0.8198,0.9791780684948768,-0.002465261417134836,-0.02979067306990476,0.024860150235635085,0.007804321456965319,0.00046296296296296336,5000,False
184,0.99,0,"/net/storage/pr3/plgrid/plggdnnp/reports/phase3, phase 3 intervention, trained with phase1=40, phase2=200, mm_cifar10, mm_resnet, sgd, epochs=200_overlap=0.0_lr=0.6_wd=0.0_lambda=1.0/2026-08-01_17-00-47-180128/checkpoints/model_step_phase3_pre_intervention.pth",0.166,6.494822316066207,-0.7319548050906255,-0.7624638309487941,-0.7014457792324569,0.00871358309845915,0.00046296296296296336,5000,False
184,0.99,1,"/net/storage/pr3/plgrid/plggdnnp/reports/phase3, phase 3 intervention, trained with phase1=40, phase2=200, mm_cifar10, mm_resnet, sgd, epochs=200_overlap=0.0_lr=0.6_wd=0.0_lambda=1.0/2026-08-01_17-00-47-180128/checkpoints/model_step_phase3_candidate_epoch_1.pth",0.492,1.4576637349294674,-0.35093563725518845,-0.3844107255810243,-0.3174605489293526,0.009560710499621969,0.00046296296296296336,5000,False
184,0.99,2,"/net/storage/pr3/plgrid/plggdnnp/reports/phase3, phase 3 intervention, trained with phase1=40, phase2=200, mm_cifar10, mm_resnet, sgd, epochs=200_overlap=0.0_lr=0.6_wd=0.0_lambda=1.0/2026-08-01_17-00-47-180128/checkpoints/model_step_phase3_candidate_epoch_2.pth",0.543,1.2950919499899218,-0.29132834412755865,-0.32493066908522217,-0.2577260191698951,0.009597050137922865,0.00046296296296296336,5000,False
184,0.99,3,"/net/storage/pr3/plgrid/plggdnnp/reports/phase3, phase 3 intervention, trained with phase1=40, phase2=200, mm_cifar10, mm_resnet, sgd, epochs=200_overlap=0.0_lr=0.6_wd=0.0_lambda=1.0/2026-08-01_17-00-47-180128/checkpoints/model_step_phase3_candidate_epoch_3.pth",0.5574,1.2705486347130766,-0.2744980495974044,-0.30756807381203016,-0.2414280253827787,0.009445021463543236,0.00046296296296296336,5000,False
184,0.99,4,"/net/storage/pr3/plgrid/plggdnnp/reports/phase3, phase 3 intervention, trained with phase1=40, phase2=200, mm_cifar10, mm_resnet, sgd, epochs=200_overlap=0.0_lr=0.6_wd=0.0_lambda=1.0/2026-08-01_17-00-47-180128/checkpoints/model_step_phase3_candidate_epoch_4.pth",0.5778,1.231391687445484,-0.25065513234635245,-0.283940233301883,-0.21737003139082187,0.009506448828124864,0.00046296296296296336,5000,False
184,0.99,8,"/net/storage/pr3/plgrid/plggdnnp/reports/phase3, phase 3 intervention, trained with phase1=40, phase2=200, mm_cifar10, mm_resnet, sgd, epochs=200_overlap=0.0_lr=0.6_wd=0.0_lambda=1.0/2026-08-01_17-00-47-180128/checkpoints/model_step_phase3_candidate_epoch_8.pth",0.6464,1.0411448990803238,-0.1704774792374231,-0.20211131757515371,-0.13884364089969248,0.009034837112153716,0.00046296296296296336,5000,False
184,0.99,12,"/net/storage/pr3/plgrid/plggdnnp/reports/phase3, phase 3 intervention, trained with phase1=40, phase2=200, mm_cifar10, mm_resnet, sgd, epochs=200_overlap=0.0_lr=0.6_wd=0.0_lambda=1.0/2026-08-01_17-00-47-180128/checkpoints/model_step_phase3_candidate_epoch_12.pth",0.696,0.8817292410720511,-0.11250646474466947,-0.14254086945163597,-0.08247206003770297,0.008578028103668053,0.00046296296296296336,5000,False
184,0.99,16,"/net/storage/pr3/plgrid/plggdnnp/reports/phase3, phase 3 intervention, trained with phase1=40, phase2=200, mm_cifar10, mm_resnet, sgd, epochs=200_overlap=0.0_lr=0.6_wd=0.0_lambda=1.0/2026-08-01_17-00-47-180128/checkpoints/model_step_phase3_candidate_epoch_16.pth",0.727,0.8244203799104234,-0.07627458068669846,-0.1056646937344669,-0.04688446763893002,0.008394014069979614,0.00046296296296296336,5000,False
184,0.99,20,"/net/storage/pr3/plgrid/plggdnnp/reports/phase3, phase 3 intervention, trained with phase1=40, phase2=200, mm_cifar10, mm_resnet, sgd, epochs=200_overlap=0.0_lr=0.6_wd=0.0_lambda=1.0/2026-08-01_17-00-47-180128/checkpoints/model_step_phase3_candidate_epoch_20.pth",0.7296,0.813768135886489,-0.07323577750764282,-0.10265350593943302,-0.043818049075852614,0.008401901209496562,0.00046296296296296336,5000,False
184,0.99,24,"/net/storage/pr3/plgrid/plggdnnp/reports/phase3, phase 3 intervention, trained with phase1=40, phase2=200, mm_cifar10, mm_resnet, sgd, epochs=200_overlap=0.0_lr=0.6_wd=0.0_lambda=1.0/2026-08-01_17-00-47-180128/checkpoints/model_step_phase3_candidate_epoch_24.pth",0.7382,0.7849151283797293,-0.06318435160768957,-0.09279754119163423,-0.0335711620237449,0.00845772622992613,0.00046296296296296336,5000,False
184,0.99,28,"/net/storage/pr3/plgrid/plggdnnp/reports/phase3, phase 3 intervention, trained with phase1=40, phase2=200, mm_cifar10, mm_resnet, sgd, epochs=200_overlap=0.0_lr=0.6_wd=0.0_lambda=1.0/2026-08-01_17-00-47-180128/checkpoints/model_step_phase3_candidate_epoch_28.pth",0.7516,0.779889174881173,-0.04752282753101822,-0.07625034386931372,-0.01879531119272272,0.00820477199074711,0.00046296296296296336,5000,False
184,0.99,32,"/net/storage/pr3/plgrid/plggdnnp/reports/phase3, phase 3 intervention, trained with phase1=40, phase2=200, mm_cifar10, mm_resnet, sgd, epochs=200_overlap=0.0_lr=0.6_wd=0.0_lambda=1.0/2026-08-01_17-00-47-180128/checkpoints/model_step_phase3_candidate_epoch_32.pth",0.7652,0.7460817046830728,-0.03162754936365029,-0.060360555859166304,-0.0028945428681342693,0.008206340016595821,0.00046296296296296336,5000,False
184,0.99,36,"/net/storage/pr3/plgrid/plggdnnp/reports/phase3, phase 3 intervention, trained with phase1=40, phase2=200, mm_cifar10, mm_resnet, sgd, epochs=200_overlap=0.0_lr=0.6_wd=0.0_lambda=1.0/2026-08-01_17-00-47-180128/checkpoints/model_step_phase3_candidate_epoch_36.pth",0.7684,0.7264224383759189,-0.027887483912504892,-0.0568452642228634,0.0010702963978536165,0.008270536930751417,0.00046296296296296336,5000,False
184,0.99,40,"/net/storage/pr3/plgrid/plggdnnp/reports/phase3, phase 3 intervention, trained with phase1=40, phase2=200, mm_cifar10, mm_resnet, sgd, epochs=200_overlap=0.0_lr=0.6_wd=0.0_lambda=1.0/2026-08-01_17-00-47-180128/checkpoints/model_step_phase3_candidate_epoch_40.pth",0.7732,0.7136245048461304,-0.022277385735786807,-0.05083226821471065,0.006277496743137035,0.00815546659875473,0.00046296296296296336,5000,False
184,0.99,44,"/net/storage/pr3/plgrid/plggdnnp/reports/phase3, phase 3 intervention, trained with phase1=40, phase2=200, mm_cifar10, mm_resnet, sgd, epochs=200_overlap=0.0_lr=0.6_wd=0.0_lambda=1.0/2026-08-01_17-00-47-180128/checkpoints/model_step_phase3_candidate_epoch_44.pth",0.7816,0.7433834856360122,-0.012459713926530142,-0.040863714474176124,0.015944286621115838,0.00811237370380759,0.00046296296296296336,5000,False
184,0.99,48,"/net/storage/pr3/plgrid/plggdnnp/reports/phase3, phase 3 intervention, trained with phase1=40, phase2=200, mm_cifar10, mm_resnet, sgd, epochs=200_overlap=0.0_lr=0.6_wd=0.0_lambda=1.0/2026-08-01_17-00-47-180128/checkpoints/model_step_phase3_candidate_epoch_48.pth",0.7808,0.7401347316714867,-0.01339473028931649,-0.04206905086748647,0.01527959028885349,0.008189578923669378,0.00046296296296296336,5000,False
184,0.99,52,"/net/storage/pr3/plgrid/plggdnnp/reports/phase3, phase 3 intervention, trained with phase1=40, phase2=200, mm_cifar10, mm_resnet, sgd, epochs=200_overlap=0.0_lr=0.6_wd=0.0_lambda=1.0/2026-08-01_17-00-47-180128/checkpoints/model_step_phase3_candidate_epoch_52.pth",0.7844,0.7252124324744709,-0.009187156656777922,-0.03742557708001422,0.019051263766458378,0.008065082905989125,0.00046296296296296336,5000,False
184,0.99,56,"/net/storage/pr3/plgrid/plggdnnp/reports/phase3, phase 3 intervention, trained with phase1=40, phase2=200, mm_cifar10, mm_resnet, sgd, epochs=200_overlap=0.0_lr=0.6_wd=0.0_lambda=1.0/2026-08-01_17-00-47-180128/checkpoints/model_step_phase3_candidate_epoch_56.pth",0.7834,0.7613965811671394,-0.010355927110260857,-0.03868289070529937,0.01797103648477766,0.008090371431715463,0.00046296296296296336,5000,False
184,0.99,60,"/net/storage/pr3/plgrid/plggdnnp/reports/phase3, phase 3 intervention, trained with phase1=40, phase2=200, mm_cifar10, mm_resnet, sgd, epochs=200_overlap=0.0_lr=0.6_wd=0.0_lambda=1.0/2026-08-01_17-00-47-180128/checkpoints/model_step_phase3_candidate_epoch_60.pth",0.7954,0.7337017323936533,0.0036693183315343737,-0.024759253729571308,0.032097890392640056,0.008119391493407997,0.00046296296296296336,5000,False
184,0.99,64,"/net/storage/pr3/plgrid/plggdnnp/reports/phase3, phase 3 intervention, trained with phase1=40, phase2=200, mm_cifar10, mm_resnet, sgd, epochs=200_overlap=0.0_lr=0.6_wd=0.0_lambda=1.0/2026-08-01_17-00-47-180128/checkpoints/model_step_phase3_candidate_epoch_64.pth",0.7896,0.7377531275652219,-0.003109550298666655,-0.03131682368514967,0.025097723087816354,0.008056187102685465,0.00046296296296296336,5000,False
184,0.99,68,"/net/storage/pr3/plgrid/plggdnnp/reports/phase3, phase 3 intervention, trained with phase1=40, phase2=200, mm_cifar10, mm_resnet, sgd, epochs=200_overlap=0.0_lr=0.6_wd=0.0_lambda=1.0/2026-08-01_17-00-47-180128/checkpoints/model_step_phase3_candidate_epoch_68.pth",0.791,0.7655728621244442,-0.0014732716637905468,-0.0295992963863793,0.02665275305879821,0.008032981937506721,0.00046296296296296336,5000,False
184,0.99,72,"/net/storage/pr3/plgrid/plggdnnp/reports/phase3, phase 3 intervention, trained with phase1=40, phase2=200, mm_cifar10, mm_resnet, sgd, epochs=200_overlap=0.0_lr=0.6_wd=0.0_lambda=1.0/2026-08-01_17-00-47-180128/checkpoints/model_step_phase3_candidate_epoch_72.pth",0.792,0.7519380917757416,-0.0003045012103076097,-0.028698736386528614,0.028089733965913393,0.008109584648011628,0.00046296296296296336,5000,False
184,0.99,76,"/net/storage/pr3/plgrid/plggdnnp/reports/phase3, phase 3 intervention, trained with phase1=40, phase2=200, mm_cifar10, mm_resnet, sgd, epochs=200_overlap=0.0_lr=0.6_wd=0.0_lambda=1.0/2026-08-01_17-00-47-180128/checkpoints/model_step_phase3_candidate_epoch_76.pth",0.7936,0.7717507015185352,0.001565531515265087,-0.026623781150094717,0.02975484418062489,0.00805105739986431,0.00046296296296296336,5000,False
184,0.99,80,"/net/storage/pr3/plgrid/plggdnnp/reports/phase3, phase 3 intervention, trained with phase1=40, phase2=200, mm_cifar10, mm_resnet, sgd, epochs=200_overlap=0.0_lr=0.6_wd=0.0_lambda=1.0/2026-08-01_17-00-47-180128/checkpoints/model_step_phase3_candidate_epoch_80.pth",0.8008,0.73056957932662,0.009980678780342228,-0.01766858219953895,0.037629939760223406,0.007896815004162876,0.00046296296296296336,5000,False
184,0.99,84,"/net/storage/pr3/plgrid/plggdnnp/reports/phase3, phase 3 intervention, trained with phase1=40, phase2=200, mm_cifar10, mm_resnet, sgd, epochs=200_overlap=0.0_lr=0.6_wd=0.0_lambda=1.0/2026-08-01_17-00-47-180128/checkpoints/model_step_phase3_candidate_epoch_84.pth",0.792,0.8166028776685578,-0.00030450121030760753,-0.028110578087234765,0.02750157566661955,0.007941602679666574,0.00046296296296296336,5000,False
184,0.99,88,"/net/storage/pr3/plgrid/plggdnnp/reports/phase3, phase 3 intervention, trained with phase1=40, phase2=200, mm_cifar10, mm_resnet, sgd, epochs=200_overlap=0.0_lr=0.6_wd=0.0_lambda=1.0/2026-08-01_17-00-47-180128/checkpoints/model_step_phase3_candidate_epoch_88.pth",0.7942,0.8363678018577173,0.002266793787354851,-0.025585052144635332,0.030118639719345034,0.007954674629799745,0.00046296296296296336,5000,False
184,0.99,92,"/net/storage/pr3/plgrid/plggdnnp/reports/phase3, phase 3 intervention, trained with phase1=40, phase2=200, mm_cifar10, mm_resnet, sgd, epochs=200_overlap=0.0_lr=0.6_wd=0.0_lambda=1.0/2026-08-01_17-00-47-180128/checkpoints/model_step_phase3_candidate_epoch_92.pth",0.7956,0.8041824953443869,0.0039030724222309608,-0.024383440699477267,0.032189585543939185,0.008078818504317057,0.00046296296296296336,5000,False
184,0.99,96,"/net/storage/pr3/plgrid/plggdnnp/reports/phase3, phase 3 intervention, trained with phase1=40, phase2=200, mm_cifar10, mm_resnet, sgd, epochs=200_overlap=0.0_lr=0.6_wd=0.0_lambda=1.0/2026-08-01_17-00-47-180128/checkpoints/model_step_phase3_candidate_epoch_96.pth",0.7966,0.8261359364048095,0.0050718428757138955,-0.022896246966638785,0.03303993271806657,0.007987874672873629,0.00046296296296296336,5000,False
184,0.99,100,"/net/storage/pr3/plgrid/plggdnnp/reports/phase3, phase 3 intervention, trained with phase1=40, phase2=200, mm_cifar10, mm_resnet, sgd, epochs=200_overlap=0.0_lr=0.6_wd=0.0_lambda=1.0/2026-08-01_17-00-47-180128/checkpoints/model_step_phase3_candidate_epoch_100.pth",0.8002,0.829909805856809,0.009279416508252467,-0.018356868707073804,0.036915701723578734,0.007893109038484364,0.00046296296296296336,5000,False
184,0.99,104,"/net/storage/pr3/plgrid/plggdnnp/reports/phase3, phase 3 intervention, trained with phase1=40, phase2=200, mm_cifar10, mm_resnet, sgd, epochs=200_overlap=0.0_lr=0.6_wd=0.0_lambda=1.0/2026-08-01_17-00-47-180128/checkpoints/model_step_phase3_candidate_epoch_104.pth",0.7966,0.8255041682236145,0.0050718428757138955,-0.023012897224246452,0.03315658297567425,0.008021190771455288,0.00046296296296296336,5000,False
184,0.99,108,"/net/storage/pr3/plgrid/plggdnnp/reports/phase3, phase 3 intervention, trained with phase1=40, phase2=200, mm_cifar10, mm_resnet, sgd, epochs=200_overlap=0.0_lr=0.6_wd=0.0_lambda=1.0/2026-08-01_17-00-47-180128/checkpoints/model_step_phase3_candidate_epoch_108.pth",0.7972,0.9036149119877356,0.005773105147803658,-0.022515236437012098,0.03406144673261941,0.008079340725685382,0.00046296296296296336,5000,False
184,0.99,112,"/net/storage/pr3/plgrid/plggdnnp/reports/phase3, phase 3 intervention, trained with phase1=40, phase2=200, mm_cifar10, mm_resnet, sgd, epochs=200_overlap=0.0_lr=0.6_wd=0.0_lambda=1.0/2026-08-01_17-00-47-180128/checkpoints/model_step_phase3_candidate_epoch_112.pth",0.8,0.832026657706595,0.009045662417555878,-0.01917087271384684,0.0372621975489586,0.00805883231936232,0.00046296296296296336,5000,False
184,0.99,116,"/net/storage/pr3/plgrid/plggdnnp/reports/phase3, phase 3 intervention, trained with phase1=40, phase2=200, mm_cifar10, mm_resnet, sgd, epochs=200_overlap=0.0_lr=0.6_wd=0.0_lambda=1.0/2026-08-01_17-00-47-180128/checkpoints/model_step_phase3_candidate_epoch_116.pth",0.7998,0.8823971882191368,0.008811908326859293,-0.019341818858957333,0.03696563551267592,0.00804089394743094,0.00046296296296296336,5000,False
184,0.99,120,"/net/storage/pr3/plgrid/plggdnnp/reports/phase3, phase 3 intervention, trained with phase1=40, phase2=200, mm_cifar10, mm_resnet, sgd, epochs=200_overlap=0.0_lr=0.6_wd=0.0_lambda=1.0/2026-08-01_17-00-47-180128/checkpoints/model_step_phase3_candidate_epoch_120.pth",0.806,0.835637235303394,0.016058285138453497,-0.01177887901008148,0.04389544928698848,0.007950481413642492,0.00046296296296296336,5000,False
184,0.99,124,"/net/storage/pr3/plgrid/plggdnnp/reports/phase3, phase 3 intervention, trained with phase1=40, phase2=200, mm_cifar10, mm_resnet, sgd, epochs=200_overlap=0.0_lr=0.6_wd=0.0_lambda=1.0/2026-08-01_17-00-47-180128/checkpoints/model_step_phase3_candidate_epoch_124.pth",0.7962,0.8987991095430183,0.0046043346943207214,-0.022813107008300585,0.03202177639694203,0.007830605858527772,0.00046296296296296336,5000,False
184,0.99,128,"/net/storage/pr3/plgrid/plggdnnp/reports/phase3, phase 3 intervention, trained with phase1=40, phase2=200, mm_cifar10, mm_resnet, sgd, epochs=200_overlap=0.0_lr=0.6_wd=0.0_lambda=1.0/2026-08-01_17-00-47-180128/checkpoints/model_step_phase3_candidate_epoch_128.pth",0.8024,0.8978951417962531,0.011850711505914926,-0.015959104509674506,0.039660527521504355,0.007942670602831405,0.00046296296296296336,5000,False
184,0.99,132,"/net/storage/pr3/plgrid/plggdnnp/reports/phase3, phase 3 intervention, trained with phase1=40, phase2=200, mm_cifar10, mm_resnet, sgd, epochs=200_overlap=0.0_lr=0.6_wd=0.0_lambda=1.0/2026-08-01_17-00-47-180128/checkpoints/model_step_phase3_candidate_epoch_132.pth",0.8014,0.8782271132114889,0.01068194105243199,-0.017099868979973797,0.03846375108483778,0.007934671905565252,0.00046296296296296336,5000,False
184,0.99,136,"/net/storage/pr3/plgrid/plggdnnp/reports/phase3, phase 3 intervention, trained with phase1=40, phase2=200, mm_cifar10, mm_resnet, sgd, epochs=200_overlap=0.0_lr=0.6_wd=0.0_lambda=1.0/2026-08-01_17-00-47-180128/checkpoints/model_step_phase3_candidate_epoch_136.pth",0.797,0.8905356192485652,0.005539351057107072,-0.022384653598861368,0.03346335571307551,0.007975283646966872,0.00046296296296296336,5000,False
184,0.99,140,"/net/storage/pr3/plgrid/plggdnnp/reports/phase3, phase 3 intervention, trained with phase1=40, phase2=200, mm_cifar10, mm_resnet, sgd, epochs=200_overlap=0.0_lr=0.6_wd=0.0_lambda=1.0/2026-08-01_17-00-47-180128/checkpoints/model_step_phase3_candidate_epoch_140.pth",0.8024,0.9157874919964314,0.011850711505914923,-0.016085291010612235,0.039786714022442084,0.007978710316683176,0.00046296296296296336,5000,False
184,0.99,144,"/net/storage/pr3/plgrid/plggdnnp/reports/phase3, phase 3 intervention, trained with phase1=40, phase2=200, mm_cifar10, mm_resnet, sgd, epochs=200_overlap=0.0_lr=0.6_wd=0.0_lambda=1.0/2026-08-01_17-00-47-180128/checkpoints/model_step_phase3_candidate_epoch_144.pth",0.7992,0.935237154411526,0.00811064605476953,-0.019753945350323453,0.035975237459862516,0.007958314822689768,0.00046296296296296336,5000,False
184,0.99,148,"/net/storage/pr3/plgrid/plggdnnp/reports/phase3, phase 3 intervention, trained with phase1=40, phase2=200, mm_cifar10, mm_resnet, sgd, epochs=200_overlap=0.0_lr=0.6_wd=0.0_lambda=1.0/2026-08-01_17-00-47-180128/checkpoints/model_step_phase3_candidate_epoch_148.pth",0.8006,0.9309401163764816,0.00974692468964564,-0.01808005778669834,0.037573907165989615,0.00794757345954622,0.00046296296296296336,5000,False
184,0.99,152,"/net/storage/pr3/plgrid/plggdnnp/reports/phase3, phase 3 intervention, trained with phase1=40, phase2=200, mm_cifar10, mm_resnet, sgd, epochs=200_overlap=0.0_lr=0.6_wd=0.0_lambda=1.0/2026-08-01_17-00-47-180128/checkpoints/model_step_phase3_candidate_epoch_152.pth",0.8048,0.915853887258798,0.01465576059427397,-0.013327310734799157,0.042638831923347095,0.007992153486300318,0.00046296296296296336,5000,False
184,0.99,156,"/net/storage/pr3/plgrid/plggdnnp/reports/phase3, phase 3 intervention, trained with phase1=40, phase2=200, mm_cifar10, mm_resnet, sgd, epochs=200_overlap=0.0_lr=0.6_wd=0.0_lambda=1.0/2026-08-01_17-00-47-180128/checkpoints/model_step_phase3_candidate_epoch_156.pth",0.805,0.9375045851225641,0.014889514684970559,-0.0127490201230471,0.04252804949298822,0.00789375153729587,0.00046296296296296336,5000,False
184,0.99,160,"/net/storage/pr3/plgrid/plggdnnp/reports/phase3, phase 3 intervention, trained with phase1=40, phase2=200, mm_cifar10, mm_resnet, sgd, epochs=200_overlap=0.0_lr=0.6_wd=0.0_lambda=1.0/2026-08-01_17-00-47-180128/checkpoints/model_step_phase3_candidate_epoch_160.pth",0.8038,0.9093196591975519,0.013486990140791034,-0.014151122887457781,0.04112510316903985,0.007893631074155482,0.00046296296296296336,5000,False
184,0.99,164,"/net/storage/pr3/plgrid/plggdnnp/reports/phase3, phase 3 intervention, trained with phase1=40, phase2=200, mm_cifar10, mm_resnet, sgd, epochs=200_overlap=0.0_lr=0.6_wd=0.0_lambda=1.0/2026-08-01_17-00-47-180128/checkpoints/model_step_phase3_candidate_epoch_164.pth",0.7978,0.9348457559786896,0.006474367419893419,-0.02125727334660875,0.03420600818639558,0.007920343225604372,0.00046296296296296336,5000,False
184,0.99,168,"/net/storage/pr3/plgrid/plggdnnp/reports/phase3, phase 3 intervention, trained with phase1=40, phase2=200, mm_cifar10, mm_resnet, sgd, epochs=200_overlap=0.0_lr=0.6_wd=0.0_lambda=1.0/2026-08-01_17-00-47-180128/checkpoints/model_step_phase3_candidate_epoch_168.pth",0.8002,0.9662129925729772,0.009279416508252467,-0.018478775695338828,0.037037608711843764,0.007927926494717427,0.00046296296296296336,5000,False
184,0.99,172,"/net/storage/pr3/plgrid/plggdnnp/reports/phase3, phase 3 intervention, trained with phase1=40, phase2=200, mm_cifar10, mm_resnet, sgd, epochs=200_overlap=0.0_lr=0.6_wd=0.0_lambda=1.0/2026-08-01_17-00-47-180128/checkpoints/model_step_phase3_candidate_epoch_172.pth",0.8034,0.9592007483863926,0.01301948195939786,-0.01492627898917662,0.040965242907972335,0.00798149739054618,0.00046296296296296336,5000,False
184,0.99,176,"/net/storage/pr3/plgrid/plggdnnp/reports/phase3, phase 3 intervention, trained with phase1=40, phase2=200, mm_cifar10, mm_resnet, sgd, epochs=200_overlap=0.0_lr=0.6_wd=0.0_lambda=1.0/2026-08-01_17-00-47-180128/checkpoints/model_step_phase3_candidate_epoch_176.pth",0.8062,0.9785773252052212,0.016292039229150082,-0.01138985426186168,0.04397393272016184,0.007906135068945332,0.00046296296296296336,5000,False
184,0.99,180,"/net/storage/pr3/plgrid/plggdnnp/reports/phase3, phase 3 intervention, trained with phase1=40, phase2=200, mm_cifar10, mm_resnet, sgd, epochs=200_overlap=0.0_lr=0.6_wd=0.0_lambda=1.0/2026-08-01_17-00-47-180128/checkpoints/model_step_phase3_candidate_epoch_180.pth",0.8006,0.9383912270017504,0.00974692468964564,-0.01791319872652808,0.03740704810581936,0.007899917389067816,0.00046296296296296336,5000,False
184,0.99,184,"/net/storage/pr3/plgrid/plggdnnp/reports/phase3, phase 3 intervention, trained with phase1=40, phase2=200, mm_cifar10, mm_resnet, sgd, epochs=200_overlap=0.0_lr=0.6_wd=0.0_lambda=1.0/2026-08-01_17-00-47-180128/checkpoints/model_step_phase3_candidate_epoch_184.pth",0.801,0.9751502845899963,0.010214432871038815,-0.017348225702005032,0.037777091444082665,0.007872080773971073,0.00046296296296296336,5000,False
184,0.99,188,"/net/storage/pr3/plgrid/plggdnnp/reports/phase3, phase 3 intervention, trained with phase1=40, phase2=200, mm_cifar10, mm_resnet, sgd, epochs=200_overlap=0.0_lr=0.6_wd=0.0_lambda=1.0/2026-08-01_17-00-47-180128/checkpoints/model_step_phase3_candidate_epoch_188.pth",0.7958,1.0205125544672142,0.004136826512927548,-0.02387065304156667,0.03214430606742177,0.007999124639738035,0.00046296296296296336,5000,False
184,0.99,192,"/net/storage/pr3/plgrid/plggdnnp/reports/phase3, phase 3 intervention, trained with phase1=40, phase2=200, mm_cifar10, mm_resnet, sgd, epochs=200_overlap=0.0_lr=0.6_wd=0.0_lambda=1.0/2026-08-01_17-00-47-180128/checkpoints/model_step_phase3_candidate_epoch_192.pth",0.8026,0.9816756661835677,0.012084465596611513,-0.015600520948369057,0.03976945214159208,0.007907018465973822,0.00046296296296296336,5000,False
184,0.99,196,"/net/storage/pr3/plgrid/plggdnnp/reports/phase3, phase 3 intervention, trained with phase1=40, phase2=200, mm_cifar10, mm_resnet, sgd, epochs=200_overlap=0.0_lr=0.6_wd=0.0_lambda=1.0/2026-08-01_17-00-47-180128/checkpoints/model_step_phase3_candidate_epoch_196.pth",0.8052,0.9879806247983172,0.015123268775667146,-0.012646505579689134,0.04289304313102343,0.007931234435204689,0.00046296296296296336,5000,False
184,0.99,200,"/net/storage/pr3/plgrid/plggdnnp/reports/phase3, phase 3 intervention, trained with phase1=40, phase2=200, mm_cifar10, mm_resnet, sgd, epochs=200_overlap=0.0_lr=0.6_wd=0.0_lambda=1.0/2026-08-01_17-00-47-180128/checkpoints/model_step_phase3_candidate_epoch_200.pth",0.7964,1.0113537524117502,0.00483808878501731,-0.023171750293799174,0.032847927863833795,0.007999798535763115,0.00046296296296296336,5000,False
184,1.0,0,"/net/storage/pr3/plgrid/plggdnnp/reports/phase3, phase 3 intervention, trained with phase1=40, phase2=200, mm_cifar10, mm_resnet, sgd, epochs=200_overlap=0.0_lr=0.6_wd=0.0_lambda=1.0/2026-08-01_17-00-47-180128/checkpoints/model_step_phase3_pre_intervention.pth",0.166,6.494822316066207,-0.7393482879703287,-0.7701654858068626,-0.7085310901337948,0.008801599089352677,0.00046296296296296336,5000,False
184,1.0,1,"/net/storage/pr3/plgrid/plggdnnp/reports/phase3, phase 3 intervention, trained with phase1=40, phase2=200, mm_cifar10, mm_resnet, sgd, epochs=200_overlap=0.0_lr=0.6_wd=0.0_lambda=1.0/2026-08-01_17-00-47-180128/checkpoints/model_step_phase3_candidate_epoch_1.pth",0.492,1.4576637349294674,-0.3583291201348916,-0.39193951086968964,-0.32471872940009355,0.009599353778151892,0.00046296296296296336,5000,False
184,1.0,2,"/net/storage/pr3/plgrid/plggdnnp/reports/phase3, phase 3 intervention, trained with phase1=40, phase2=200, mm_cifar10, mm_resnet, sgd, epochs=200_overlap=0.0_lr=0.6_wd=0.0_lambda=1.0/2026-08-01_17-00-47-180128/checkpoints/model_step_phase3_candidate_epoch_2.pth",0.543,1.2950919499899218,-0.2987218270072619,-0.3324548319554973,-0.2649888220590265,0.00963437322265351,0.00046296296296296336,5000,False
184,1.0,3,"/net/storage/pr3/plgrid/plggdnnp/reports/phase3, phase 3 intervention, trained with phase1=40, phase2=200, mm_cifar10, mm_resnet, sgd, epochs=200_overlap=0.0_lr=0.6_wd=0.0_lambda=1.0/2026-08-01_17-00-47-180128/checkpoints/model_step_phase3_candidate_epoch_3.pth",0.5574,1.2705486347130766,-0.2818915324771076,-0.31509824034262035,-0.2486848246115948,0.009484059234062087,0.00046296296296296336,5000,False
184,1.0,4,"/net/storage/pr3/plgrid/plggdnnp/reports/phase3, phase 3 intervention, trained with phase1=40, phase2=200, mm_cifar10, mm_resnet, sgd, epochs=200_overlap=0.0_lr=0.6_wd=0.0_lambda=1.0/2026-08-01_17-00-47-180128/checkpoints/model_step_phase3_candidate_epoch_4.pth",0.5778,1.231391687445484,-0.2580486152260557,-0.2914609360975228,-0.2246362943545886,0.009542783692254763,0.00046296296296296336,5000,False
184,1.0,8,"/net/storage/pr3/plgrid/plggdnnp/reports/phase3, phase 3 intervention, trained with phase1=40, phase2=200, mm_cifar10, mm_resnet, sgd, epochs=200_overlap=0.0_lr=0.6_wd=0.0_lambda=1.0/2026-08-01_17-00-47-180128/checkpoints/model_step_phase3_candidate_epoch_8.pth",0.6464,1.0411448990803238,-0.17787096211712627,-0.20963256448641462,-0.14610935974783792,0.0090713273793667,0.00046296296296296336,5000,False
184,1.0,12,"/net/storage/pr3/plgrid/plggdnnp/reports/phase3, phase 3 intervention, trained with phase1=40, phase2=200, mm_cifar10, mm_resnet, sgd, epochs=200_overlap=0.0_lr=0.6_wd=0.0_lambda=1.0/2026-08-01_17-00-47-180128/checkpoints/model_step_phase3_candidate_epoch_12.pth",0.696,0.8817292410720511,-0.11989994762437269,-0.15005917161880486,-0.08974072362994052,0.008613677332151409,0.00046296296296296336,5000,False
184,1.0,16,"/net/storage/pr3/plgrid/plggdnnp/reports/phase3, phase 3 intervention, trained with phase1=40, phase2=200, mm_cifar10, mm_resnet, sgd, epochs=200_overlap=0.0_lr=0.6_wd=0.0_lambda=1.0/2026-08-01_17-00-47-180128/checkpoints/model_step_phase3_candidate_epoch_16.pth",0.727,0.8244203799104234,-0.08366806356640166,-0.11318124474429814,-0.054154882388505195,0.008429163156142765,0.00046296296296296336,5000,False
184,1.0,20,"/net/storage/pr3/plgrid/plggdnnp/reports/phase3, phase 3 intervention, trained with phase1=40, phase2=200, mm_cifar10, mm_resnet, sgd, epochs=200_overlap=0.0_lr=0.6_wd=0.0_lambda=1.0/2026-08-01_17-00-47-180128/checkpoints/model_step_phase3_candidate_epoch_20.pth",0.7296,0.813768135886489,-0.08062926038734602,-0.11017590273907088,-0.05108261803562116,0.008438719892568279,0.00046296296296296336,5000,False
184,1.0,24,"/net/storage/pr3/plgrid/plggdnnp/reports/phase3, phase 3 intervention, trained with phase1=40, phase2=200, mm_cifar10, mm_resnet, sgd, epochs=200_overlap=0.0_lr=0.6_wd=0.0_lambda=1.0/2026-08-01_17-00-47-180128/checkpoints/model_step_phase3_candidate_epoch_24.pth",0.7382,0.7849151283797293,-0.07057783448739277,-0.10031534291953341,-0.04084032605525213,0.008493232529586309,0.00046296296296296336,5000,False
184,1.0,28,"/net/storage/pr3/plgrid/plggdnnp/reports/phase3, phase 3 intervention, trained with phase1=40, phase2=200, mm_cifar10, mm_resnet, sgd, epochs=200_overlap=0.0_lr=0.6_wd=0.0_lambda=1.0/2026-08-01_17-00-47-180128/checkpoints/model_step_phase3_candidate_epoch_28.pth",0.7516,0.779889174881173,-0.05491631041072144,-0.08378198034513694,-0.026050640476305936,0.008244229587516635,0.00046296296296296336,5000,False
184,1.0,32,"/net/storage/pr3/plgrid/plggdnnp/reports/phase3, phase 3 intervention, trained with phase1=40, phase2=200, mm_cifar10, mm_resnet, sgd, epochs=200_overlap=0.0_lr=0.6_wd=0.0_lambda=1.0/2026-08-01_17-00-47-180128/checkpoints/model_step_phase3_candidate_epoch_32.pth",0.7652,0.7460817046830728,-0.03902103224335351,-0.06788924020203072,-0.010152824284676298,0.008244954464325651,0.00046296296296296336,5000,False
184,1.0,36,"/net/storage/pr3/plgrid/plggdnnp/reports/phase3, phase 3 intervention, trained with phase1=40, phase2=200, mm_cifar10, mm_resnet, sgd, epochs=200_overlap=0.0_lr=0.6_wd=0.0_lambda=1.0/2026-08-01_17-00-47-180128/checkpoints/model_step_phase3_candidate_epoch_36.pth",0.7684,0.7264224383759189,-0.03528096679220811,-0.0643687838742226,-0.006193149710193628,0.008307676307831078,0.00046296296296296336,5000,False
184,1.0,40,"/net/storage/pr3/plgrid/plggdnnp/reports/phase3, phase 3 intervention, trained with phase1=40, phase2=200, mm_cifar10, mm_resnet, sgd, epochs=200_overlap=0.0_lr=0.6_wd=0.0_lambda=1.0/2026-08-01_17-00-47-180128/checkpoints/model_step_phase3_candidate_epoch_40.pth",0.7732,0.7136245048461304,-0.029670868615490013,-0.05836379984617733,-0.0009779373848026983,0.00819489425127047,0.00046296296296296336,5000,False
184,1.0,44,"/net/storage/pr3/plgrid/plggdnnp/reports/phase3, phase 3 intervention, trained with phase1=40, phase2=200, mm_cifar10, mm_resnet, sgd, epochs=200_overlap=0.0_lr=0.6_wd=0.0_lambda=1.0/2026-08-01_17-00-47-180128/checkpoints/model_step_phase3_candidate_epoch_44.pth",0.7816,0.7433834856360122,-0.019853196806233354,-0.048386553075260665,0.008680159462793956,0.008149318568345621,0.00046296296296296336,5000,False
184,1.0,48,"/net/storage/pr3/plgrid/plggdnnp/reports/phase3, phase 3 intervention, trained with phase1=40, phase2=200, mm_cifar10, mm_resnet, sgd, epochs=200_overlap=0.0_lr=0.6_wd=0.0_lambda=1.0/2026-08-01_17-00-47-180128/checkpoints/model_step_phase3_candidate_epoch_48.pth",0.7808,0.7401347316714867,-0.0207882131690197,-0.049597031465290334,0.008020605127250932,0.008227992377074,0.00046296296296296336,5000,False
184,1.0,52,"/net/storage/pr3/plgrid/plggdnnp/reports/phase3, phase 3 intervention, trained with phase1=40, phase2=200, mm_cifar10, mm_resnet, sgd, epochs=200_overlap=0.0_lr=0.6_wd=0.0_lambda=1.0/2026-08-01_17-00-47-180128/checkpoints/model_step_phase3_candidate_epoch_52.pth",0.7844,0.7252124324744709,-0.01658063953648113,-0.04495767139069557,0.011796392317733308,0.008104671263475176,0.00046296296296296336,5000,False
184,1.0,56,"/net/storage/pr3/plgrid/plggdnnp/reports/phase3, phase 3 intervention, trained with phase1=40, phase2=200, mm_cifar10, mm_resnet, sgd, epochs=200_overlap=0.0_lr=0.6_wd=0.0_lambda=1.0/2026-08-01_17-00-47-180128/checkpoints/model_step_phase3_candidate_epoch_56.pth",0.7834,0.7613965811671394,-0.017749409989964073,-0.046205791012255214,0.010706971032327067,0.00812733391986559,0.00046296296296296336,5000,False
184,1.0,60,"/net/storage/pr3/plgrid/plggdnnp/reports/phase3, phase 3 intervention, trained with phase1=40, phase2=200, mm_cifar10, mm_resnet, sgd, epochs=200_overlap=0.0_lr=0.6_wd=0.0_lambda=1.0/2026-08-01_17-00-47-180128/checkpoints/model_step_phase3_candidate_epoch_60.pth",0.7954,0.7337017323936533,-0.0037241645481688387,-0.032293707773059725,0.024845378676722048,0.008159653806463791,0.00046296296296296336,5000,False
184,1.0,64,"/net/storage/pr3/plgrid/plggdnnp/reports/phase3, phase 3 intervention, trained with phase1=40, phase2=200, mm_cifar10, mm_resnet, sgd, epochs=200_overlap=0.0_lr=0.6_wd=0.0_lambda=1.0/2026-08-01_17-00-47-180128/checkpoints/model_step_phase3_candidate_epoch_64.pth",0.7896,0.7377531275652219,-0.010503033178369866,-0.038843538903006306,0.017837472546266577,0.008094239155061668,0.00046296296296296336,5000,False
184,1.0,68,"/net/storage/pr3/plgrid/plggdnnp/reports/phase3, phase 3 intervention, trained with phase1=40, phase2=200, mm_cifar10, mm_resnet, sgd, epochs=200_overlap=0.0_lr=0.6_wd=0.0_lambda=1.0/2026-08-01_17-00-47-180128/checkpoints/model_step_phase3_candidate_epoch_68.pth",0.791,0.7655728621244442,-0.008866754543493754,-0.03712746136714058,0.019393952280153073,0.008071448051924805,0.00046296296296296336,5000,False
184,1.0,72,"/net/storage/pr3/plgrid/plggdnnp/reports/phase3, phase 3 intervention, trained with phase1=40, phase2=200, mm_cifar10, mm_resnet, sgd, epochs=200_overlap=0.0_lr=0.6_wd=0.0_lambda=1.0/2026-08-01_17-00-47-180128/checkpoints/model_step_phase3_candidate_epoch_72.pth",0.792,0.7519380917757416,-0.00769798409001082,-0.03622870486033544,0.020832736680313803,0.008148565852180297,0.00046296296296296336,5000,False
184,1.0,76,"/net/storage/pr3/plgrid/plggdnnp/reports/phase3, phase 3 intervention, trained with phase1=40, phase2=200, mm_cifar10, mm_resnet, sgd, epochs=200_overlap=0.0_lr=0.6_wd=0.0_lambda=1.0/2026-08-01_17-00-47-180128/checkpoints/model_step_phase3_candidate_epoch_76.pth",0.7936,0.7717507015185352,-0.005827951364438123,-0.03415076151772621,0.022494858788849964,0.00808918518080056,0.00046296296296296336,5000,False
184,1.0,80,"/net/storage/pr3/plgrid/plggdnnp/reports/phase3, phase 3 intervention, trained with phase1=40, phase2=200, mm_cifar10, mm_resnet, sgd, epochs=200_overlap=0.0_lr=0.6_wd=0.0_lambda=1.0/2026-08-01_17-00-47-180128/checkpoints/model_step_phase3_candidate_epoch_80.pth",0.8008,0.73056957932662,0.002587195900639017,-0.02519747995760599,0.030371871758884027,0.007935490404710779,0.00046296296296296336,5000,False
184,1.0,84,"/net/storage/pr3/plgrid/plggdnnp/reports/phase3, phase 3 intervention, trained with phase1=40, phase2=200, mm_cifar10, mm_resnet, sgd, epochs=200_overlap=0.0_lr=0.6_wd=0.0_lambda=1.0/2026-08-01_17-00-47-180128/checkpoints/model_step_phase3_candidate_epoch_84.pth",0.792,0.8166028776685578,-0.007697984090010817,-0.03564156223772234,0.020245594057700707,0.007980873967930355,0.00046296296296296336,5000,False
184,1.0,88,"/net/storage/pr3/plgrid/plggdnnp/reports/phase3, phase 3 intervention, trained with phase1=40, phase2=200, mm_cifar10, mm_resnet, sgd, epochs=200_overlap=0.0_lr=0.6_wd=0.0_lambda=1.0/2026-08-01_17-00-47-180128/checkpoints/model_step_phase3_candidate_epoch_88.pth",0.7942,0.8363678018577173,-0.005126689092348361,-0.033108629072157635,0.02285525088746091,0.007991830365337039,0.00046296296296296336,5000,False
184,1.0,92,"/net/storage/pr3/plgrid/plggdnnp/reports/phase3, phase 3 intervention, trained with phase1=40, phase2=200, mm_cifar10, mm_resnet, sgd, epochs=200_overlap=0.0_lr=0.6_wd=0.0_lambda=1.0/2026-08-01_17-00-47-180128/checkpoints/model_step_phase3_candidate_epoch_92.pth",0.7956,0.8041824953443869,-0.003490410457472251,-0.03190886493568116,0.02492804402073666,0.00811650184364545,0.00046296296296296336,5000,False
184,1.0,96,"/net/storage/pr3/plgrid/plggdnnp/reports/phase3, phase 3 intervention, trained with phase1=40, phase2=200, mm_cifar10, mm_resnet, sgd, epochs=200_overlap=0.0_lr=0.6_wd=0.0_lambda=1.0/2026-08-01_17-00-47-180128/checkpoints/model_step_phase3_candidate_epoch_96.pth",0.7966,0.8261359364048095,-0.002321640003989316,-0.030424197626154042,0.02578091761817541,0.008026279575701553,0.00046296296296296336,5000,False
184,1.0,100,"/net/storage/pr3/plgrid/plggdnnp/reports/phase3, phase 3 intervention, trained with phase1=40, phase2=200, mm_cifar10, mm_resnet, sgd, epochs=200_overlap=0.0_lr=0.6_wd=0.0_lambda=1.0/2026-08-01_17-00-47-180128/checkpoints/model_step_phase3_candidate_epoch_100.pth",0.8002,0.829909805856809,0.0018859336285492545,-0.025886575680443166,0.029658442937541673,0.0079320155563683,0.00046296296296296336,5000,False
184,1.0,104,"/net/storage/pr3/plgrid/plggdnnp/reports/phase3, phase 3 intervention, trained with phase1=40, phase2=200, mm_cifar10, mm_resnet, sgd, epochs=200_overlap=0.0_lr=0.6_wd=0.0_lambda=1.0/2026-08-01_17-00-47-180128/checkpoints/model_step_phase3_candidate_epoch_104.pth",0.7966,0.8255041682236145,-0.0023216400039893135,-0.030541941889378192,0.025898661881399568,0.008059908129649494,0.00046296296296296336,5000,False
184,1.0,108,"/net/storage/pr3/plgrid/plggdnnp/reports/phase3, phase 3 intervention, trained with phase1=40, phase2=200, mm_cifar10, mm_resnet, sgd, epochs=200_overlap=0.0_lr=0.6_wd=0.0_lambda=1.0/2026-08-01_17-00-47-180128/checkpoints/model_step_phase3_candidate_epoch_108.pth",0.7972,0.9036149119877356,-0.0016203777318995534,-0.030040204601051716,0.026799449137252608,0.008116893807734478,0.00046296296296296336,5000,False
184,1.0,112,"/net/storage/pr3/plgrid/plggdnnp/reports/phase3, phase 3 intervention, trained with phase1=40, phase2=200, mm_cifar10, mm_resnet, sgd, epochs=200_overlap=0.0_lr=0.6_wd=0.0_lambda=1.0/2026-08-01_17-00-47-180128/checkpoints/model_step_phase3_candidate_epoch_112.pth",0.8,0.832026657706595,0.0016521795378526675,-0.02669923628781616,0.0300035953635215,0.008097355153337071,0.00046296296296296336,5000,False
184,1.0,116,"/net/storage/pr3/plgrid/plggdnnp/reports/phase3, phase 3 intervention, trained with phase1=40, phase2=200, mm_cifar10, mm_resnet, sgd, epochs=200_overlap=0.0_lr=0.6_wd=0.0_lambda=1.0/2026-08-01_17-00-47-180128/checkpoints/model_step_phase3_candidate_epoch_116.pth",0.7998,0.8823971882191368,0.0014184254471560813,-0.0268743628903461,0.029711213784658262,0.008080610748177466,0.00046296296296296336,5000,False
184,1.0,120,"/net/storage/pr3/plgrid/plggdnnp/reports/phase3, phase 3 intervention, trained with phase1=40, phase2=200, mm_cifar10, mm_resnet, sgd, epochs=200_overlap=0.0_lr=0.6_wd=0.0_lambda=1.0/2026-08-01_17-00-47-180128/checkpoints/model_step_phase3_candidate_epoch_120.pth",0.806,0.835637235303394,0.008664802258750283,-0.01931033956376222,0.03663994408126278,0.00798988876586424,0.00046296296296296336,5000,False
184,1.0,124,"/net/storage/pr3/plgrid/plggdnnp/reports/phase3, phase 3 intervention, trained with phase1=40, phase2=200, mm_cifar10, mm_resnet, sgd, epochs=200_overlap=0.0_lr=0.6_wd=0.0_lambda=1.0/2026-08-01_17-00-47-180128/checkpoints/model_step_phase3_candidate_epoch_124.pth",0.7962,0.8987991095430183,-0.00278914818538249,-0.030343248665758125,0.024764952294993148,0.00786963652511254,0.00046296296296296336,5000,False
184,1.0,128,"/net/storage/pr3/plgrid/plggdnnp/reports/phase3, phase 3 intervention, trained with phase1=40, phase2=200, mm_cifar10, mm_resnet, sgd, epochs=200_overlap=0.0_lr=0.6_wd=0.0_lambda=1.0/2026-08-01_17-00-47-180128/checkpoints/model_step_phase3_candidate_epoch_128.pth",0.8024,0.8978951417962531,0.004457228626211715,-0.02349442328814253,0.03240888054056596,0.00798317989001669,0.00046296296296296336,5000,False
184,1.0,132,"/net/storage/pr3/plgrid/plggdnnp/reports/phase3, phase 3 intervention, trained with phase1=40, phase2=200, mm_cifar10, mm_resnet, sgd, epochs=200_overlap=0.0_lr=0.6_wd=0.0_lambda=1.0/2026-08-01_17-00-47-180128/checkpoints/model_step_phase3_candidate_epoch_132.pth",0.8014,0.8782271132114889,0.003288458172728778,-0.02462736947769523,0.031204285823152784,0.007972948239155453,0.00046296296296296336,5000,False
184,1.0,136,"/net/storage/pr3/plgrid/plggdnnp/reports/phase3, phase 3 intervention, trained with phase1=40, phase2=200, mm_cifar10, mm_resnet, sgd, epochs=200_overlap=0.0_lr=0.6_wd=0.0_lambda=1.0/2026-08-01_17-00-47-180128/checkpoints/model_step_phase3_candidate_epoch_136.pth",0.797,0.8905356192485652,-0.0018541318225961411,-0.029909781816319123,0.02620151817112684,0.008012882441349282,0.00046296296296296336,5000,False
184,1.0,140,"/net/storage/pr3/plgrid/plggdnnp/reports/phase3, phase 3 intervention, trained with phase1=40, phase2=200, mm_cifar10, mm_resnet, sgd, epochs=200_overlap=0.0_lr=0.6_wd=0.0_lambda=1.0/2026-08-01_17-00-47-180128/checkpoints/model_step_phase3_candidate_epoch_140.pth",0.8024,0.9157874919964314,0.004457228626211715,-0.023612800556826515,0.03252725780924995,0.008016989234583828,0.00046296296296296336,5000,False
184,1.0,144,"/net/storage/pr3/plgrid/plggdnnp/reports/phase3, phase 3 intervention, trained with phase1=40, phase2=200, mm_cifar10, mm_resnet, sgd, epochs=200_overlap=0.0_lr=0.6_wd=0.0_lambda=1.0/2026-08-01_17-00-47-180128/checkpoints/model_step_phase3_candidate_epoch_144.pth",0.7992,0.935237154411526,0.0007171631750663224,-0.02728079832413975,0.028715124674272396,0.00799640621909509,0.00046296296296296336,5000,False
184,1.0,148,"/net/storage/pr3/plgrid/plggdnnp/reports/phase3, phase 3 intervention, trained with phase1=40, phase2=200, mm_cifar10, mm_resnet, sgd, epochs=200_overlap=0.0_lr=0.6_wd=0.0_lambda=1.0/2026-08-01_17-00-47-180128/checkpoints/model_step_phase3_candidate_epoch_148.pth",0.8006,0.9309401163764816,0.0023534418099424295,-0.025609601020077474,0.030316484639962334,0.007986433212187043,0.00046296296296296336,5000,False
184,1.0,152,"/net/storage/pr3/plgrid/plggdnnp/reports/phase3, phase 3 intervention, trained with phase1=40, phase2=200, mm_cifar10, mm_resnet, sgd, epochs=200_overlap=0.0_lr=0.6_wd=0.0_lambda=1.0/2026-08-01_17-00-47-180128/checkpoints/model_step_phase3_candidate_epoch_152.pth",0.8048,0.915853887258798,0.00726227771457076,-0.02085498474083607,0.03537954016997759,0.00803047937503306,0.00046296296296296336,5000,False
184,1.0,156,"/net/storage/pr3/plgrid/plggdnnp/reports/phase3, phase 3 intervention, trained with phase1=40, phase2=200, mm_cifar10, mm_resnet, sgd, epochs=200_overlap=0.0_lr=0.6_wd=0.0_lambda=1.0/2026-08-01_17-00-47-180128/checkpoints/model_step_phase3_candidate_epoch_156.pth",0.805,0.9375045851225641,0.007496031805267347,-0.02027710084608147,0.03526916445661617,0.007932193587140127,0.00046296296296296336,5000,False
184,1.0,160,"/net/storage/pr3/plgrid/plggdnnp/reports/phase3, phase 3 intervention, trained with phase1=40, phase2=200, mm_cifar10, mm_resnet, sgd, epochs=200_overlap=0.0_lr=0.6_wd=0.0_lambda=1.0/2026-08-01_17-00-47-180128/checkpoints/model_step_phase3_candidate_epoch_160.pth",0.8038,0.9093196591975519,0.006093507261087825,-0.021679730091971647,0.03386674461414729,0.00793222349065329,0.00046296296296296336,5000,False
184,1.0,164,"/net/storage/pr3/plgrid/plggdnnp/reports/phase3, phase 3 intervention, trained with phase1=40, phase2=200, mm_cifar10, mm_resnet, sgd, epochs=200_overlap=0.0_lr=0.6_wd=0.0_lambda=1.0/2026-08-01_17-00-47-180128/checkpoints/model_step_phase3_candidate_epoch_164.pth",0.7978,0.9348457559786896,-0.0009191154598097917,-0.02878562634774707,0.026947395428127484,0.007958863039907439,0.00046296296296296336,5000,False
184,1.0,168,"/net/storage/pr3/plgrid/plggdnnp/reports/phase3, phase 3 intervention, trained with phase1=40, phase2=200, mm_cifar10, mm_resnet, sgd, epochs=200_overlap=0.0_lr=0.6_wd=0.0_lambda=1.0/2026-08-01_17-00-47-180128/checkpoints/model_step_phase3_candidate_epoch_168.pth",0.8002,0.9662129925729772,0.0018859336285492556,-0.026005713273587323,0.029777580530685837,0.007966042054717938,0.00046296296296296336,5000,False
184,1.0,172,"/net/storage/pr3/plgrid/plggdnnp/reports/phase3, phase 3 intervention, trained with phase1=40, phase2=200, mm_cifar10, mm_resnet, sgd, epochs=200_overlap=0.0_lr=0.6_wd=0.0_lambda=1.0/2026-08-01_17-00-47-180128/checkpoints/model_step_phase3_candidate_epoch_172.pth",0.8034,0.9592007483863926,0.0056259990796946515,-0.02245593303062901,0.03370793119001832,0.00802038879071842,0.00046296296296296336,5000,False
184,1.0,176,"/net/storage/pr3/plgrid/plggdnnp/reports/phase3, phase 3 intervention, trained with phase1=40, phase2=200, mm_cifar10, mm_resnet, sgd, epochs=200_overlap=0.0_lr=0.6_wd=0.0_lambda=1.0/2026-08-01_17-00-47-180128/checkpoints/model_step_phase3_candidate_epoch_176.pth",0.8062,0.9785773252052212,0.008898556349446873,-0.0189220135773013,0.036719126276195044,0.007945741992227801,0.00046296296296296336,5000,False
184,1.0,180,"/net/storage/pr3/plgrid/plggdnnp/reports/phase3, phase 3 intervention, trained with phase1=40, phase2=200, mm_cifar10, mm_resnet, sgd, epochs=200_overlap=0.0_lr=0.6_wd=0.0_lambda=1.0/2026-08-01_17-00-47-180128/checkpoints/model_step_phase3_candidate_epoch_180.pth",0.8006,0.9383912270017504,0.0023534418099424286,-0.02544309382455661,0.03014997744444147,0.007938877636620413,0.00046296296296296336,5000,False
184,1.0,184,"/net/storage/pr3/plgrid/plggdnnp/reports/phase3, phase 3 intervention, trained with phase1=40, phase2=200, mm_cifar10, mm_resnet, sgd, epochs=200_overlap=0.0_lr=0.6_wd=0.0_lambda=1.0/2026-08-01_17-00-47-180128/checkpoints/model_step_phase3_candidate_epoch_184.pth",0.801,0.9751502845899963,0.0028209499913356053,-0.024880128465327493,0.0305220284479987,0.007911614424242389,0.00046296296296296336,5000,False
184,1.0,188,"/net/storage/pr3/plgrid/plggdnnp/reports/phase3, phase 3 intervention, trained with phase1=40, phase2=200, mm_cifar10, mm_resnet, sgd, epochs=200_overlap=0.0_lr=0.6_wd=0.0_lambda=1.0/2026-08-01_17-00-47-180128/checkpoints/model_step_phase3_candidate_epoch_188.pth",0.7958,1.0205125544672142,-0.003256656366775664,-0.03140565898125011,0.024892346247698788,0.008039544578061166,0.00046296296296296336,5000,False
184,1.0,192,"/net/storage/pr3/plgrid/plggdnnp/reports/phase3, phase 3 intervention, trained with phase1=40, phase2=200, mm_cifar10, mm_resnet, sgd, epochs=200_overlap=0.0_lr=0.6_wd=0.0_lambda=1.0/2026-08-01_17-00-47-180128/checkpoints/model_step_phase3_candidate_epoch_192.pth",0.8026,0.9816756661835677,0.004690982716908302,-0.02312990077821033,0.03251186621202694,0.007945831549464592,0.00046296296296296336,5000,False
184,1.0,196,"/net/storage/pr3/plgrid/plggdnnp/reports/phase3, phase 3 intervention, trained with phase1=40, phase2=200, mm_cifar10, mm_resnet, sgd, epochs=200_overlap=0.0_lr=0.6_wd=0.0_lambda=1.0/2026-08-01_17-00-47-180128/checkpoints/model_step_phase3_candidate_epoch_196.pth",0.8052,0.9879806247983172,0.007729785895963937,-0.020174333028275763,0.035633904820203635,0.007969604148162238,0.00046296296296296336,5000,False
184,1.0,200,"/net/storage/pr3/plgrid/plggdnnp/reports/phase3, phase 3 intervention, trained with phase1=40, phase2=200, mm_cifar10, mm_resnet, sgd, epochs=200_overlap=0.0_lr=0.6_wd=0.0_lambda=1.0/2026-08-01_17-00-47-180128/checkpoints/model_step_phase3_candidate_epoch_200.pth",0.7964,1.0113537524117502,-0.0025553940946859022,-0.03069315584719428,0.02558236765782248,0.008036334112237215,0.00046296296296296336,5000,False
285,0.99,0,"/net/storage/pr3/plgrid/plggdnnp/reports/phase3, phase 3 intervention, trained with phase1=40, phase2=200, mm_cifar10, mm_resnet, sgd, epochs=200_overlap=0.0_lr=0.6_wd=0.0_lambda=1.0/2026-08-01_17-00-47-193033/checkpoints/model_step_phase3_pre_intervention.pth",0.145,7.440079610120614,-0.7685803793540096,-0.7993625484138327,-0.7377982102941865,0.008791594634994612,0.00046296296296296336,5000,False
285,0.99,1,"/net/storage/pr3/plgrid/plggdnnp/reports/phase3, phase 3 intervention, trained with phase1=40, phase2=200, mm_cifar10, mm_resnet, sgd, epochs=200_overlap=0.0_lr=0.6_wd=0.0_lambda=1.0/2026-08-01_17-00-47-193033/checkpoints/model_step_phase3_candidate_epoch_1.pth",0.4264,1.5857772998675677,-0.43999560588366865,-0.4740490110105028,-0.4059422007568345,0.009725881669824523,0.00046296296296296336,5000,False
285,0.99,2,"/net/storage/pr3/plgrid/plggdnnp/reports/phase3, phase 3 intervention, trained with phase1=40, phase2=200, mm_cifar10, mm_resnet, sgd, epochs=200_overlap=0.0_lr=0.6_wd=0.0_lambda=1.0/2026-08-01_17-00-47-193033/checkpoints/model_step_phase3_candidate_epoch_2.pth",0.4746,1.4586605111055946,-0.38371349472066074,-0.41750685528155945,-0.34992013415976203,0.009651611191798944,0.00046296296296296336,5000,False
285,0.99,3,"/net/storage/pr3/plgrid/plggdnnp/reports/phase3, phase 3 intervention, trained with phase1=40, phase2=200, mm_cifar10, mm_resnet, sgd, epochs=200_overlap=0.0_lr=0.6_wd=0.0_lambda=1.0/2026-08-01_17-00-47-193033/checkpoints/model_step_phase3_candidate_epoch_3.pth",0.5006,1.3989689497424418,-0.35335384969497174,-0.38702892409024364,-0.31967877529969985,0.00961782786687802,0.00046296296296296336,5000,False
285,0.99,4,"/net/storage/pr3/plgrid/plggdnnp/reports/phase3, phase 3 intervention, trained with phase1=40, phase2=200, mm_cifar10, mm_resnet, sgd, epochs=200_overlap=0.0_lr=0.6_wd=0.0_lambda=1.0/2026-08-01_17-00-47-193033/checkpoints/model_step_phase3_candidate_epoch_4.pth",0.5038,1.391473729306498,-0.34961727799950243,-0.3829390573055586,-0.31629549869344625,0.009516924411865392,0.00046296296296296336,5000,False
285,0.99,8,"/net/storage/pr3/plgrid/plggdnnp/reports/phase3, phase 3 intervention, trained with phase1=40, phase2=200, mm_cifar10, mm_resnet, sgd, epochs=200_overlap=0.0_lr=0.6_wd=0.0_lambda=1.0/2026-08-01_17-00-47-193033/checkpoints/model_step_phase3_candidate_epoch_8.pth",0.605,1.1245153902487746,-0.2314481981302824,-0.2641050753121948,-0.19879132094837001,0.009327023890688388,0.00046296296296296336,5000,False
285,0.99,12,"/net/storage/pr3/plgrid/plggdnnp/reports/phase3, phase 3 intervention, trained with phase1=40, phase2=200, mm_cifar10, mm_resnet, sgd, epochs=200_overlap=0.0_lr=0.6_wd=0.0_lambda=1.0/2026-08-01_17-00-47-193033/checkpoints/model_step_phase3_candidate_epoch_12.pth",0.6442,1.0576184509395516,-0.18567519486078218,-0.2177519647068825,-0.15359842501468188,0.009161341331693443,0.00046296296296296336,5000,False
285,0.99,16,"/net/storage/pr3/plgrid/plggdnnp/reports/phase3, phase 3 intervention, trained with phase1=40, phase2=200, mm_cifar10, mm_resnet, sgd, epochs=200_overlap=0.0_lr=0.6_wd=0.0_lambda=1.0/2026-08-01_17-00-47-193033/checkpoints/model_step_phase3_candidate_epoch_16.pth",0.6798,0.9370483704286705,-0.14410583474868505,-0.17580079663499248,-0.11241087286237762,0.009052294408963931,0.00046296296296296336,5000,False
285,0.99,20,"/net/storage/pr3/plgrid/plggdnnp/reports/phase3, phase 3 intervention, trained with phase1=40, phase2=200, mm_cifar10, mm_resnet, sgd, epochs=200_overlap=0.0_lr=0.6_wd=0.0_lambda=1.0/2026-08-01_17-00-47-193033/checkpoints/model_step_phase3_candidate_epoch_20.pth",0.6906,0.896091104730825,-0.13149490527647575,-0.16232721682129422,-0.10066259373165728,0.008805915666147876,0.00046296296296296336,5000,False
285,0.99,24,"/net/storage/pr3/plgrid/plggdnnp/reports/phase3, phase 3 intervention, trained with phase1=40, phase2=200, mm_cifar10, mm_resnet, sgd, epochs=200_overlap=0.0_lr=0.6_wd=0.0_lambda=1.0/2026-08-01_17-00-47-193033/checkpoints/model_step_phase3_candidate_epoch_24.pth",0.7156,0.8034811338088921,-0.10230293890562105,-0.13240212496023981,-0.07220375285100228,0.008596530092509725,0.00046296296296296336,5000,False
285,0.99,28,"/net/storage/pr3/plgrid/plggdnnp/reports/phase3, phase 3 intervention, trained with phase1=40, phase2=200, mm_cifar10, mm_resnet, sgd, epochs=200_overlap=0.0_lr=0.6_wd=0.0_lambda=1.0/2026-08-01_17-00-47-193033/checkpoints/model_step_phase3_candidate_epoch_28.pth",0.7346,0.7961688566086684,-0.08011704446377144,-0.11000385279652977,-0.0502302361310131,0.008535873585930482,0.00046296296296296336,5000,False
285,0.99,32,"/net/storage/pr3/plgrid/plggdnnp/reports/phase3, phase 3 intervention, trained with phase1=40, phase2=200, mm_cifar10, mm_resnet, sgd, epochs=200_overlap=0.0_lr=0.6_wd=0.0_lambda=1.0/2026-08-01_17-00-47-193033/checkpoints/model_step_phase3_candidate_epoch_32.pth",0.7394,0.7839221270222232,-0.07451218692056732,-0.10417082094286625,-0.04485355289826839,0.008470705467342741,0.00046296296296296336,5000,False
285,0.99,36,"/net/storage/pr3/plgrid/plggdnnp/reports/phase3, phase 3 intervention, trained with phase1=40, phase2=200, mm_cifar10, mm_resnet, sgd, epochs=200_overlap=0.0_lr=0.6_wd=0.0_lambda=1.0/2026-08-01_17-00-47-193033/checkpoints/model_step_phase3_candidate_epoch_36.pth",0.75,0.7423940258578062,-0.06213479317932491,-0.09181599280363845,-0.03245359355501137,0.008477150355135459,0.00046296296296296336,5000,False
285,0.99,40,"/net/storage/pr3/plgrid/plggdnnp/reports/phase3, phase 3 intervention, trained with phase1=40, phase2=200, mm_cifar10, mm_resnet, sgd, epochs=200_overlap=0.0_lr=0.6_wd=0.0_lambda=1.0/2026-08-01_17-00-47-193033/checkpoints/model_step_phase3_candidate_epoch_40.pth",0.7636,0.7266939171403436,-0.04625436347357993,-0.07529486342520586,-0.017213863521953997,0.00829416221696702,0.00046296296296296336,5000,False
285,0.99,44,"/net/storage/pr3/plgrid/plggdnnp/reports/phase3, phase 3 intervention, trained with phase1=40, phase2=200, mm_cifar10, mm_resnet, sgd, epochs=200_overlap=0.0_lr=0.6_wd=0.0_lambda=1.0/2026-08-01_17-00-47-193033/checkpoints/model_step_phase3_candidate_epoch_44.pth",0.7514,0.775193802537196,-0.06050004306255705,-0.08995541054331385,-0.031044675581800255,0.00841265117517695,0.00046296296296296336,5000,False
285,0.99,48,"/net/storage/pr3/plgrid/plggdnnp/reports/phase3, phase 3 intervention, trained with phase1=40, phase2=200, mm_cifar10, mm_resnet, sgd, epochs=200_overlap=0.0_lr=0.6_wd=0.0_lambda=1.0/2026-08-01_17-00-47-193033/checkpoints/model_step_phase3_candidate_epoch_48.pth",0.7648,0.7344495502294413,-0.04485314908777891,-0.07387812748739629,-0.015828170688161527,0.00828972915725963,0.00046296296296296336,5000,False
285,0.99,52,"/net/storage/pr3/plgrid/plggdnnp/reports/phase3, phase 3 intervention, trained with phase1=40, phase2=200, mm_cifar10, mm_resnet, sgd, epochs=200_overlap=0.0_lr=0.6_wd=0.0_lambda=1.0/2026-08-01_17-00-47-193033/checkpoints/model_step_phase3_candidate_epoch_52.pth",0.7666,0.7448661603882188,-0.04275132750907737,-0.07173194824152743,-0.013770706776627305,0.00827706030900754,0.00046296296296296336,5000,False
285,0.99,56,"/net/storage/pr3/plgrid/plggdnnp/reports/phase3, phase 3 intervention, trained with phase1=40, phase2=200, mm_cifar10, mm_resnet, sgd, epochs=200_overlap=0.0_lr=0.6_wd=0.0_lambda=1.0/2026-08-01_17-00-47-193033/checkpoints/model_step_phase3_candidate_epoch_56.pth",0.7616,0.7605095050528831,-0.04858972078324831,-0.07690848024391289,-0.02027096132258373,0.00808802827572777,0.00046296296296296336,5000,False
285,0.99,60,"/net/storage/pr3/plgrid/plggdnnp/reports/phase3, phase 3 intervention, trained with phase1=40, phase2=200, mm_cifar10, mm_resnet, sgd, epochs=200_overlap=0.0_lr=0.6_wd=0.0_lambda=1.0/2026-08-01_17-00-47-193033/checkpoints/model_step_phase3_candidate_epoch_60.pth",0.7692,0.7538192841108409,-0.03971536300650847,-0.0683545438789383,-0.011076182134078641,0.008179542787234028,0.00046296296296296336,5000,False
285,0.99,64,"/net/storage/pr3/plgrid/plggdnnp/reports/phase3, phase 3 intervention, trained with phase1=40, phase2=200, mm_cifar10, mm_resnet, sgd, epochs=200_overlap=0.0_lr=0.6_wd=0.0_lambda=1.0/2026-08-01_17-00-47-193033/checkpoints/model_step_phase3_candidate_epoch_64.pth",0.7702,0.7391240716102508,-0.038547684351674286,-0.06740642740842026,-0.009688941294928307,0.008242251224639141,0.00046296296296296336,5000,False
285,0.99,68,"/net/storage/pr3/plgrid/plggdnnp/reports/phase3, phase 3 intervention, trained with phase1=40, phase2=200, mm_cifar10, mm_resnet, sgd, epochs=200_overlap=0.0_lr=0.6_wd=0.0_lambda=1.0/2026-08-01_17-00-47-193033/checkpoints/model_step_phase3_candidate_epoch_68.pth",0.7846,0.716621429869145,-0.021733111722061955,-0.05013823881452291,0.006672015370399003,0.008112695452587937,0.00046296296296296336,5000,False
285,0.99,72,"/net/storage/pr3/plgrid/plggdnnp/reports/phase3, phase 3 intervention, trained with phase1=40, phase2=200, mm_cifar10, mm_resnet, sgd, epochs=200_overlap=0.0_lr=0.6_wd=0.0_lambda=1.0/2026-08-01_17-00-47-193033/checkpoints/model_step_phase3_candidate_epoch_72.pth",0.7738,0.7597393209163238,-0.03434404119427121,-0.06317084638470088,-0.005517236003841533,0.008233129555090323,0.00046296296296296336,5000,False
285,0.99,76,"/net/storage/pr3/plgrid/plggdnnp/reports/phase3, phase 3 intervention, trained with phase1=40, phase2=200, mm_cifar10, mm_resnet, sgd, epochs=200_overlap=0.0_lr=0.6_wd=0.0_lambda=1.0/2026-08-01_17-00-47-193033/checkpoints/model_step_phase3_candidate_epoch_76.pth",0.7918,0.7245751503496606,-0.013325825407255791,-0.041934706378143685,0.015283055563632107,0.008170888931447608,0.00046296296296296336,5000,False
285,0.99,80,"/net/storage/pr3/plgrid/plggdnnp/reports/phase3, phase 3 intervention, trained with phase1=40, phase2=200, mm_cifar10, mm_resnet, sgd, epochs=200_overlap=0.0_lr=0.6_wd=0.0_lambda=1.0/2026-08-01_17-00-47-193033/checkpoints/model_step_phase3_candidate_epoch_80.pth",0.7878,0.7309639147691475,-0.01799654002659255,-0.04664479379664624,0.010651713743461143,0.008182134067852323,0.00046296296296296336,5000,False
285,0.99,84,"/net/storage/pr3/plgrid/plggdnnp/reports/phase3, phase 3 intervention, trained with phase1=40, phase2=200, mm_cifar10, mm_resnet, sgd, epochs=200_overlap=0.0_lr=0.6_wd=0.0_lambda=1.0/2026-08-01_17-00-47-193033/checkpoints/model_step_phase3_candidate_epoch_84.pth",0.7782,0.7900127729946478,-0.02920625511300077,-0.057889987795059134,-0.0005225224309424077,0.00819226708387954,0.00046296296296296336,5000,False
285,0.99,88,"/net/storage/pr3/plgrid/plggdnnp/reports/phase3, phase 3 intervention, trained with phase1=40, phase2=200, mm_cifar10, mm_resnet, sgd, epochs=200_overlap=0.0_lr=0.6_wd=0.0_lambda=1.0/2026-08-01_17-00-47-193033/checkpoints/model_step_phase3_candidate_epoch_88.pth",0.7862,0.7753882865011514,-0.019864825874327252,-0.04846844242427376,0.008738790675619258,0.00816938537739933,0.00046296296296296336,5000,False
285,0.99,92,"/net/storage/pr3/plgrid/plggdnnp/reports/phase3, phase 3 intervention, trained with phase1=40, phase2=200, mm_cifar10, mm_resnet, sgd, epochs=200_overlap=0.0_lr=0.6_wd=0.0_lambda=1.0/2026-08-01_17-00-47-193033/checkpoints/model_step_phase3_candidate_epoch_92.pth",0.7842,0.7940702965762727,-0.02220018318399563,-0.05070084646338999,0.006300480095398728,0.008139981230495894,0.00046296296296296336,5000,False
285,0.99,96,"/net/storage/pr3/plgrid/plggdnnp/reports/phase3, phase 3 intervention, trained with phase1=40, phase2=200, mm_cifar10, mm_resnet, sgd, epochs=200_overlap=0.0_lr=0.6_wd=0.0_lambda=1.0/2026-08-01_17-00-47-193033/checkpoints/model_step_phase3_candidate_epoch_96.pth",0.7892,0.7863421656765898,-0.01636178990982469,-0.04467810306425217,0.011954523244602795,0.008087329594203807,0.00046296296296296336,5000,False
285,0.99,100,"/net/storage/pr3/plgrid/plggdnnp/reports/phase3, phase 3 intervention, trained with phase1=40, phase2=200, mm_cifar10, mm_resnet, sgd, epochs=200_overlap=0.0_lr=0.6_wd=0.0_lambda=1.0/2026-08-01_17-00-47-193033/checkpoints/model_step_phase3_candidate_epoch_100.pth",0.791,0.766808025963904,-0.014259968331123144,-0.04257050895490076,0.014050572292654474,0.008085680920603416,0.00046296296296296336,5000,False
285,0.99,104,"/net/storage/pr3/plgrid/plggdnnp/reports/phase3, phase 3 intervention, trained with phase1=40, phase2=200, mm_cifar10, mm_resnet, sgd, epochs=200_overlap=0.0_lr=0.6_wd=0.0_lambda=1.0/2026-08-01_17-00-47-193033/checkpoints/model_step_phase3_candidate_epoch_104.pth",0.7866,0.8042456724518644,-0.019397754412393577,-0.04785680655744623,0.009061297732659075,0.008128096810501851,0.00046296296296296336,5000,False
285,0.99,108,"/net/storage/pr3/plgrid/plggdnnp/reports/phase3, phase 3 intervention, trained with phase1=40, phase2=200, mm_cifar10, mm_resnet, sgd, epochs=200_overlap=0.0_lr=0.6_wd=0.0_lambda=1.0/2026-08-01_17-00-47-193033/checkpoints/model_step_phase3_candidate_epoch_108.pth",0.7972,0.7727265686782977,-0.00702036067115117,-0.03528531754104895,0.02124459619874661,0.008072661893735164,0.00046296296296296336,5000,False
285,0.99,112,"/net/storage/pr3/plgrid/plggdnnp/reports/phase3, phase 3 intervention, trained with phase1=40, phase2=200, mm_cifar10, mm_resnet, sgd, epochs=200_overlap=0.0_lr=0.6_wd=0.0_lambda=1.0/2026-08-01_17-00-47-193033/checkpoints/model_step_phase3_candidate_epoch_112.pth",0.7832,0.8623592695893045,-0.023367861838829822,-0.0517607030187696,0.005024979341109959,0.008109186513292682,0.00046296296296296336,5000,False
285,0.99,116,"/net/storage/pr3/plgrid/plggdnnp/reports/phase3, phase 3 intervention, trained with phase1=40, phase2=200, mm_cifar10, mm_resnet, sgd, epochs=200_overlap=0.0_lr=0.6_wd=0.0_lambda=1.0/2026-08-01_17-00-47-193033/checkpoints/model_step_phase3_candidate_epoch_116.pth",0.795,0.8268786212705486,-0.009589253711786387,-0.037700175445610794,0.018521668022038022,0.008028668422278637,0.00046296296296296336,5000,False
285,0.99,120,"/net/storage/pr3/plgrid/plggdnnp/reports/phase3, phase 3 intervention, trained with phase1=40, phase2=200, mm_cifar10, mm_resnet, sgd, epochs=200_overlap=0.0_lr=0.6_wd=0.0_lambda=1.0/2026-08-01_17-00-47-193033/checkpoints/model_step_phase3_candidate_epoch_120.pth",0.7926,0.8444515491293125,-0.012391682483388441,-0.040706554247001765,0.015923189280224882,0.008086917923287307,0.00046296296296296336,5000,False
285,0.99,124,"/net/storage/pr3/plgrid/plggdnnp/reports/phase3, phase 3 intervention, trained with phase1=40, phase2=200, mm_cifar10, mm_resnet, sgd, epochs=200_overlap=0.0_lr=0.6_wd=0.0_lambda=1.0/2026-08-01_17-00-47-193033/checkpoints/model_step_phase3_candidate_epoch_124.pth",0.793,0.8549940815307037,-0.011924611021454765,-0.0402194443779314,0.016370222335021868,0.008081194819358718,0.00046296296296296336,5000,False
285,0.99,128,"/net/storage/pr3/plgrid/plggdnnp/reports/phase3, phase 3 intervention, trained with phase1=40, phase2=200, mm_cifar10, mm_resnet, sgd, epochs=200_overlap=0.0_lr=0.6_wd=0.0_lambda=1.0/2026-08-01_17-00-47-193033/checkpoints/model_step_phase3_candidate_epoch_128.pth",0.791,0.8635304308693775,-0.014259968331123142,-0.04221926888053557,0.01369933221828929,0.00798536439166152,0.00046296296296296336,5000,False
285,0.99,132,"/net/storage/pr3/plgrid/plggdnnp/reports/phase3, phase 3 intervention, trained with phase1=40, phase2=200, mm_cifar10, mm_resnet, sgd, epochs=200_overlap=0.0_lr=0.6_wd=0.0_lambda=1.0/2026-08-01_17-00-47-193033/checkpoints/model_step_phase3_candidate_epoch_132.pth",0.7948,0.8845054970651964,-0.009822789442753225,-0.03818218631643652,0.018536607430930073,0.008099634594359218,0.00046296296296296336,5000,False
285,0.99,136,"/net/storage/pr3/plgrid/plggdnnp/reports/phase3, phase 3 intervention, trained with phase1=40, phase2=200, mm_cifar10, mm_resnet, sgd, epochs=200_overlap=0.0_lr=0.6_wd=0.0_lambda=1.0/2026-08-01_17-00-47-193033/checkpoints/model_step_phase3_candidate_epoch_136.pth",0.7922,0.8767135846072582,-0.012858753945322116,-0.041146413631644466,0.015428905741000233,0.008079145970886764,0.00046296296296296336,5000,False
285,0.99,140,"/net/storage/pr3/plgrid/plggdnnp/reports/phase3, phase 3 intervention, trained with phase1=40, phase2=200, mm_cifar10, mm_resnet, sgd, epochs=200_overlap=0.0_lr=0.6_wd=0.0_lambda=1.0/2026-08-01_17-00-47-193033/checkpoints/model_step_phase3_candidate_epoch_140.pth",0.797,0.8819175116096956,-0.0072538964021180066,-0.03551999766337523,0.02101220485913921,0.008072988739608709,0.00046296296296296336,5000,False
285,0.99,144,"/net/storage/pr3/plgrid/plggdnnp/reports/phase3, phase 3 intervention, trained with phase1=40, phase2=200, mm_cifar10, mm_resnet, sgd, epochs=200_overlap=0.0_lr=0.6_wd=0.0_lambda=1.0/2026-08-01_17-00-47-193033/checkpoints/model_step_phase3_candidate_epoch_144.pth",0.7972,0.9014919271988205,-0.00702036067115117,-0.03518439626565305,0.02114367492335071,0.008043838098322856,0.00046296296296296336,5000,False
285,0.99,148,"/net/storage/pr3/plgrid/plggdnnp/reports/phase3, phase 3 intervention, trained with phase1=40, phase2=200, mm_cifar10, mm_resnet, sgd, epochs=200_overlap=0.0_lr=0.6_wd=0.0_lambda=1.0/2026-08-01_17-00-47-193033/checkpoints/model_step_phase3_candidate_epoch_148.pth",0.8008,0.8575141880455248,-0.0028167175137480856,-0.03119991205256282,0.025566477025066647,0.008106431367669387,0.00046296296296296336,5000,False
285,0.99,152,"/net/storage/pr3/plgrid/plggdnnp/reports/phase3, phase 3 intervention, trained with phase1=40, phase2=200, mm_cifar10, mm_resnet, sgd, epochs=200_overlap=0.0_lr=0.6_wd=0.0_lambda=1.0/2026-08-01_17-00-47-193033/checkpoints/model_step_phase3_candidate_epoch_152.pth",0.7962,0.8970475554485087,-0.008188039325985358,-0.0364106591609002,0.020034580508929485,0.008060570151632968,0.00046296296296296336,5000,False
285,0.99,156,"/net/storage/pr3/plgrid/plggdnnp/reports/phase3, phase 3 intervention, trained with phase1=40, phase2=200, mm_cifar10, mm_resnet, sgd, epochs=200_overlap=0.0_lr=0.6_wd=0.0_lambda=1.0/2026-08-01_17-00-47-193033/checkpoints/model_step_phase3_candidate_epoch_156.pth",0.8056,0.8793375391594166,0.0027881400294560224,-0.025313105678806114,0.03088938573771816,0.008025904884262325,0.00046296296296296336,5000,False
285,0.99,160,"/net/storage/pr3/plgrid/plggdnnp/reports/phase3, phase 3 intervention, trained with phase1=40, phase2=200, mm_cifar10, mm_resnet, sgd, epochs=200_overlap=0.0_lr=0.6_wd=0.0_lambda=1.0/2026-08-01_17-00-47-193033/checkpoints/model_step_phase3_candidate_epoch_160.pth",0.8014,0.8944203270410821,-0.002116110320847573,-0.029927845592883664,0.02569562495118852,0.00794321875538839,0.00046296296296296336,5000,False
285,0.99,164,"/net/storage/pr3/plgrid/plggdnnp/reports/phase3, phase 3 intervention, trained with phase1=40, phase2=200, mm_cifar10, mm_resnet, sgd, epochs=200_overlap=0.0_lr=0.6_wd=0.0_lambda=1.0/2026-08-01_17-00-47-193033/checkpoints/model_step_phase3_candidate_epoch_164.pth",0.7948,0.908733098225086,-0.009822789442753223,-0.037795853822710765,0.018150274937204315,0.007989295434290198,0.00046296296296296336,5000,False
285,0.99,168,"/net/storage/pr3/plgrid/plggdnnp/reports/phase3, phase 3 intervention, trained with phase1=40, phase2=200, mm_cifar10, mm_resnet, sgd, epochs=200_overlap=0.0_lr=0.6_wd=0.0_lambda=1.0/2026-08-01_17-00-47-193033/checkpoints/model_step_phase3_candidate_epoch_168.pth",0.796,0.9316724399189749,-0.008421575056952195,-0.03647286873645276,0.01962971862254837,0.008011638248691133,0.00046296296296296336,5000,False
285,0.99,172,"/net/storage/pr3/plgrid/plggdnnp/reports/phase3, phase 3 intervention, trained with phase1=40, phase2=200, mm_cifar10, mm_resnet, sgd, epochs=200_overlap=0.0_lr=0.6_wd=0.0_lambda=1.0/2026-08-01_17-00-47-193033/checkpoints/model_step_phase3_candidate_epoch_172.pth",0.7972,0.9261834337610603,-0.007020360671151171,-0.035208948753900855,0.02116822741159851,0.008050850454194713,0.00046296296296296336,5000,False
285,0.99,176,"/net/storage/pr3/plgrid/plggdnnp/reports/phase3, phase 3 intervention, trained with phase1=40, phase2=200, mm_cifar10, mm_resnet, sgd, epochs=200_overlap=0.0_lr=0.6_wd=0.0_lambda=1.0/2026-08-01_17-00-47-193033/checkpoints/model_step_phase3_candidate_epoch_176.pth",0.7908,0.9751450606042495,-0.014493504062089983,-0.042529372669605534,0.013542364545425567,0.008007232744327736,0.00046296296296296336,5000,False
285,0.99,180,"/net/storage/pr3/plgrid/plggdnnp/reports/phase3, phase 3 intervention, trained with phase1=40, phase2=200, mm_cifar10, mm_resnet, sgd, epochs=200_overlap=0.0_lr=0.6_wd=0.0_lambda=1.0/2026-08-01_17-00-47-193033/checkpoints/model_step_phase3_candidate_epoch_180.pth",0.7962,0.9220531589961022,-0.008188039325985358,-0.03631648139256846,0.01994040274059775,0.008033672347219252,0.00046296296296296336,5000,False
285,0.99,184,"/net/storage/pr3/plgrid/plggdnnp/reports/phase3, phase 3 intervention, trained with phase1=40, phase2=200, mm_cifar10, mm_resnet, sgd, epochs=200_overlap=0.0_lr=0.6_wd=0.0_lambda=1.0/2026-08-01_17-00-47-193033/checkpoints/model_step_phase3_candidate_epoch_184.pth",0.7934,0.9447810581511342,-0.011457539559521088,-0.03998188866555664,0.01706680954651446,0.008146746061980622,0.00046296296296296336,5000,False
285,0.99,188,"/net/storage/pr3/plgrid/plggdnnp/reports/phase3, phase 3 intervention, trained with phase1=40, phase2=200, mm_cifar10, mm_resnet, sgd, epochs=200_overlap=0.0_lr=0.6_wd=0.0_lambda=1.0/2026-08-01_17-00-47-193033/checkpoints/model_step_phase3_candidate_epoch_188.pth",0.8022,0.9366435997806606,-0.0011819673969802216,-0.029175671629963984,0.02681173683600354,0.007995190315212324,0.00046296296296296336,5000,False
285,0.99,192,"/net/storage/pr3/plgrid/plggdnnp/reports/phase3, phase 3 intervention, trained with phase1=40, phase2=200, mm_cifar10, mm_resnet, sgd, epochs=200_overlap=0.0_lr=0.6_wd=0.0_lambda=1.0/2026-08-01_17-00-47-193033/checkpoints/model_step_phase3_candidate_epoch_192.pth",0.8012,0.9332885885192067,-0.002349646051814412,-0.03033454352088283,0.025635251417254007,0.007992675044172153,0.00046296296296296336,5000,False
285,0.99,196,"/net/storage/pr3/plgrid/plggdnnp/reports/phase3, phase 3 intervention, trained with phase1=40, phase2=200, mm_cifar10, mm_resnet, sgd, epochs=200_overlap=0.0_lr=0.6_wd=0.0_lambda=1.0/2026-08-01_17-00-47-193033/checkpoints/model_step_phase3_candidate_epoch_196.pth",0.7948,1.029969740487484,-0.009822789442753227,-0.03784765827156018,0.018202079386053734,0.008004091133504514,0.00046296296296296336,5000,False
285,0.99,200,"/net/storage/pr3/plgrid/plggdnnp/reports/phase3, phase 3 intervention, trained with phase1=40, phase2=200, mm_cifar10, mm_resnet, sgd, epochs=200_overlap=0.0_lr=0.6_wd=0.0_lambda=1.0/2026-08-01_17-00-47-193033/checkpoints/model_step_phase3_candidate_epoch_200.pth",0.7964,0.9668002708426122,-0.007954503595018522,-0.035933375928917224,0.02002436873888018,0.007990954225020967,0.00046296296296296336,5000,False
285,1.0,0,"/net/storage/pr3/plgrid/plggdnnp/reports/phase3, phase 3 intervention, trained with phase1=40, phase2=200, mm_cifar10, mm_resnet, sgd, epochs=200_overlap=0.0_lr=0.6_wd=0.0_lambda=1.0/2026-08-01_17-00-47-193033/checkpoints/model_step_phase3_pre_intervention.pth",0.145,7.440079610120614,-0.7763438175293027,-0.80743691758973,-0.7452507174688754,0.008880398621206678,0.00046296296296296336,5000,False
285,1.0,1,"/net/storage/pr3/plgrid/plggdnnp/reports/phase3, phase 3 intervention, trained with phase1=40, phase2=200, mm_cifar10, mm_resnet, sgd, epochs=200_overlap=0.0_lr=0.6_wd=0.0_lambda=1.0/2026-08-01_17-00-47-193033/checkpoints/model_step_phase3_candidate_epoch_1.pth",0.4264,1.5857772998675677,-0.4477590440589617,-0.48195025208106834,-0.4135678360368551,0.00976523910407193,0.00046296296296296336,5000,False
285,1.0,2,"/net/storage/pr3/plgrid/plggdnnp/reports/phase3, phase 3 intervention, trained with phase1=40, phase2=200, mm_cifar10, mm_resnet, sgd, epochs=200_overlap=0.0_lr=0.6_wd=0.0_lambda=1.0/2026-08-01_17-00-47-193033/checkpoints/model_step_phase3_candidate_epoch_2.pth",0.4746,1.4586605111055946,-0.39147693289595387,-0.42539998079531377,-0.35755388499659396,0.009688650768406635,0.00046296296296296336,5000,False
285,1.0,3,"/net/storage/pr3/plgrid/plggdnnp/reports/phase3, phase 3 intervention, trained with phase1=40, phase2=200, mm_cifar10, mm_resnet, sgd, epochs=200_overlap=0.0_lr=0.6_wd=0.0_lambda=1.0/2026-08-01_17-00-47-193033/checkpoints/model_step_phase3_candidate_epoch_3.pth",0.5006,1.3989689497424418,-0.361117287870265,-0.39493220744972957,-0.3273023682908004,0.00965776859258481,0.00046296296296296336,5000,False
285,1.0,4,"/net/storage/pr3/plgrid/plggdnnp/reports/phase3, phase 3 intervention, trained with phase1=40, phase2=200, mm_cifar10, mm_resnet, sgd, epochs=200_overlap=0.0_lr=0.6_wd=0.0_lambda=1.0/2026-08-01_17-00-47-193033/checkpoints/model_step_phase3_candidate_epoch_4.pth",0.5038,1.391473729306498,-0.35738071617479555,-0.3908197905319681,-0.323941641817623,0.009550424667812335,0.00046296296296296336,5000,False
285,1.0,8,"/net/storage/pr3/plgrid/plggdnnp/reports/phase3, phase 3 intervention, trained with phase1=40, phase2=200, mm_cifar10, mm_resnet, sgd, epochs=200_overlap=0.0_lr=0.6_wd=0.0_lambda=1.0/2026-08-01_17-00-47-193033/checkpoints/model_step_phase3_candidate_epoch_8.pth",0.605,1.1245153902487746,-0.23921163630557557,-0.27199609199207186,-0.20642718061907928,0.00936346117014913,0.00046296296296296336,5000,False
285,1.0,12,"/net/storage/pr3/plgrid/plggdnnp/reports/phase3, phase 3 intervention, trained with phase1=40, phase2=200, mm_cifar10, mm_resnet, sgd, epochs=200_overlap=0.0_lr=0.6_wd=0.0_lambda=1.0/2026-08-01_17-00-47-193033/checkpoints/model_step_phase3_candidate_epoch_12.pth",0.6442,1.0576184509395516,-0.1934386330360753,-0.22563078844534654,-0.16124647762680408,0.009194296225033085,0.00046296296296296336,5000,False
285,1.0,16,"/net/storage/pr3/plgrid/plggdnnp/reports/phase3, phase 3 intervention, trained with phase1=40, phase2=200, mm_cifar10, mm_resnet, sgd, epochs=200_overlap=0.0_lr=0.6_wd=0.0_lambda=1.0/2026-08-01_17-00-47-193033/checkpoints/model_step_phase3_candidate_epoch_16.pth",0.6798,0.9370483704286705,-0.15186927292397814,-0.18368670000315476,-0.12005184584480152,0.009087271292188438,0.00046296296296296336,5000,False
285,1.0,20,"/net/storage/pr3/plgrid/plggdnnp/reports/phase3, phase 3 intervention, trained with phase1=40, phase2=200, mm_cifar10, mm_resnet, sgd, epochs=200_overlap=0.0_lr=0.6_wd=0.0_lambda=1.0/2026-08-01_17-00-47-193033/checkpoints/model_step_phase3_candidate_epoch_20.pth",0.6906,0.896091104730825,-0.1392583434517689,-0.17022675185471486,-0.10828993504882295,0.008844785844705721,0.00046296296296296336,5000,False
285,1.0,24,"/net/storage/pr3/plgrid/plggdnnp/reports/phase3, phase 3 intervention, trained with phase1=40, phase2=200, mm_cifar10, mm_resnet, sgd, epochs=200_overlap=0.0_lr=0.6_wd=0.0_lambda=1.0/2026-08-01_17-00-47-193033/checkpoints/model_step_phase3_candidate_epoch_24.pth",0.7156,0.8034811338088921,-0.11006637708091416,-0.1403018017101583,-0.07983095245167002,0.008635440746253064,0.00046296296296296336,5000,False
285,1.0,28,"/net/storage/pr3/plgrid/plggdnnp/reports/phase3, phase 3 intervention, trained with phase1=40, phase2=200, mm_cifar10, mm_resnet, sgd, epochs=200_overlap=0.0_lr=0.6_wd=0.0_lambda=1.0/2026-08-01_17-00-47-193033/checkpoints/model_step_phase3_candidate_epoch_28.pth",0.7346,0.7961688566086684,-0.08788048263906456,-0.11789213553882164,-0.05786882973930749,0.008571530034418606,0.00046296296296296336,5000,False
285,1.0,32,"/net/storage/pr3/plgrid/plggdnnp/reports/phase3, phase 3 intervention, trained with phase1=40, phase2=200, mm_cifar10, mm_resnet, sgd, epochs=200_overlap=0.0_lr=0.6_wd=0.0_lambda=1.0/2026-08-01_17-00-47-193033/checkpoints/model_step_phase3_candidate_epoch_32.pth",0.7394,0.7839221270222232,-0.08227562509586046,-0.11206097851142804,-0.05249027168029288,0.008506897378830371,0.00046296296296296336,5000,False
285,1.0,36,"/net/storage/pr3/plgrid/plggdnnp/reports/phase3, phase 3 intervention, trained with phase1=40, phase2=200, mm_cifar10, mm_resnet, sgd, epochs=200_overlap=0.0_lr=0.6_wd=0.0_lambda=1.0/2026-08-01_17-00-47-193033/checkpoints/model_step_phase3_candidate_epoch_36.pth",0.75,0.7423940258578062,-0.06989823135461805,-0.0997086117573774,-0.0400878509518587,0.00851404525479381,0.00046296296296296336,5000,False
285,1.0,40,"/net/storage/pr3/plgrid/plggdnnp/reports/phase3, phase 3 intervention, trained with phase1=40, phase2=200, mm_cifar10, mm_resnet, sgd, epochs=200_overlap=0.0_lr=0.6_wd=0.0_lambda=1.0/2026-08-01_17-00-47-193033/checkpoints/model_step_phase3_candidate_epoch_40.pth",0.7636,0.7266939171403436,-0.05401780164887307,-0.08319274449008657,-0.024842858807659567,0.008332560010979331,0.00046296296296296336,5000,False
285,1.0,44,"/net/storage/pr3/plgrid/plggdnnp/reports/phase3, phase 3 intervention, trained with phase1=40, phase2=200, mm_cifar10, mm_resnet, sgd, epochs=200_overlap=0.0_lr=0.6_wd=0.0_lambda=1.0/2026-08-01_17-00-47-193033/checkpoints/model_step_phase3_candidate_epoch_44.pth",0.7514,0.775193802537196,-0.06826348123785017,-0.09784850293464227,-0.03867845954105807,0.008449681291796901,0.00046296296296296336,5000,False
285,1.0,48,"/net/storage/pr3/plgrid/plggdnnp/reports/phase3, phase 3 intervention, trained with phase1=40, phase2=200, mm_cifar10, mm_resnet, sgd, epochs=200_overlap=0.0_lr=0.6_wd=0.0_lambda=1.0/2026-08-01_17-00-47-193033/checkpoints/model_step_phase3_candidate_epoch_48.pth",0.7648,0.7344495502294413,-0.05261658726307203,-0.08177539472108045,-0.023457779805063618,0.008327951636951374,0.00046296296296296336,5000,False
285,1.0,52,"/net/storage/pr3/plgrid/plggdnnp/reports/phase3, phase 3 intervention, trained with phase1=40, phase2=200, mm_cifar10, mm_resnet, sgd, epochs=200_overlap=0.0_lr=0.6_wd=0.0_lambda=1.0/2026-08-01_17-00-47-193033/checkpoints/model_step_phase3_candidate_epoch_52.pth",0.7666,0.7448661603882188,-0.050514765684370494,-0.07962620874091961,-0.021403322627821384,0.008314424045151392,0.00046296296296296336,5000,False
285,1.0,56,"/net/storage/pr3/plgrid/plggdnnp/reports/phase3, phase 3 intervention, trained with phase1=40, phase2=200, mm_cifar10, mm_resnet, sgd, epochs=200_overlap=0.0_lr=0.6_wd=0.0_lambda=1.0/2026-08-01_17-00-47-193033/checkpoints/model_step_phase3_candidate_epoch_56.pth",0.7616,0.7605095050528831,-0.05635315895854144,-0.08480095651927905,-0.027905361397803835,0.008124882425482687,0.00046296296296296336,5000,False
285,1.0,60,"/net/storage/pr3/plgrid/plggdnnp/reports/phase3, phase 3 intervention, trained with phase1=40, phase2=200, mm_cifar10, mm_resnet, sgd, epochs=200_overlap=0.0_lr=0.6_wd=0.0_lambda=1.0/2026-08-01_17-00-47-193033/checkpoints/model_step_phase3_candidate_epoch_60.pth",0.7692,0.7538192841108409,-0.0474788011818016,-0.07624751318358977,-0.018710089180013434,0.008216537749470718,0.00046296296296296336,5000,False
285,1.0,64,"/net/storage/pr3/plgrid/plggdnnp/reports/phase3, phase 3 intervention, trained with phase1=40, phase2=200, mm_cifar10, mm_resnet, sgd, epochs=200_overlap=0.0_lr=0.6_wd=0.0_lambda=1.0/2026-08-01_17-00-47-193033/checkpoints/model_step_phase3_candidate_epoch_64.pth",0.7702,0.7391240716102508,-0.04631112252696742,-0.07530355638240241,-0.01731868867153242,0.008280434216429561,0.00046296296296296336,5000,False
285,1.0,68,"/net/storage/pr3/plgrid/plggdnnp/reports/phase3, phase 3 intervention, trained with phase1=40, phase2=200, mm_cifar10, mm_resnet, sgd, epochs=200_overlap=0.0_lr=0.6_wd=0.0_lambda=1.0/2026-08-01_17-00-47-193033/checkpoints/model_step_phase3_candidate_epoch_68.pth",0.7846,0.716621429869145,-0.029496549897355083,-0.05803941236970845,-0.000953687425001716,0.008152033603988435,0.00046296296296296336,5000,False
285,1.0,72,"/net/storage/pr3/plgrid/plggdnnp/reports/phase3, phase 3 intervention, trained with phase1=40, phase2=200, mm_cifar10, mm_resnet, sgd, epochs=200_overlap=0.0_lr=0.6_wd=0.0_lambda=1.0/2026-08-01_17-00-47-193033/checkpoints/model_step_phase3_candidate_epoch_72.pth",0.7738,0.7597393209163238,-0.04210747936956433,-0.07107090026835983,-0.013144058470768827,0.008272147920767893,0.00046296296296296336,5000,False
285,1.0,76,"/net/storage/pr3/plgrid/plggdnnp/reports/phase3, phase 3 intervention, trained with phase1=40, phase2=200, mm_cifar10, mm_resnet, sgd, epochs=200_overlap=0.0_lr=0.6_wd=0.0_lambda=1.0/2026-08-01_17-00-47-193033/checkpoints/model_step_phase3_candidate_epoch_76.pth",0.7918,0.7245751503496606,-0.02108926358254892,-0.04983839089211997,0.007659863727022136,0.008210944229576477,0.00046296296296296336,5000,False
285,1.0,80,"/net/storage/pr3/plgrid/plggdnnp/reports/phase3, phase 3 intervention, trained with phase1=40, phase2=200, mm_cifar10, mm_resnet, sgd, epochs=200_overlap=0.0_lr=0.6_wd=0.0_lambda=1.0/2026-08-01_17-00-47-193033/checkpoints/model_step_phase3_candidate_epoch_80.pth",0.7878,0.7309639147691475,-0.025759978201885678,-0.05454471727068335,0.003024760866911995,0.008221115187664291,0.00046296296296296336,5000,False
285,1.0,84,"/net/storage/pr3/plgrid/plggdnnp/reports/phase3, phase 3 intervention, trained with phase1=40, phase2=200, mm_cifar10, mm_resnet, sgd, epochs=200_overlap=0.0_lr=0.6_wd=0.0_lambda=1.0/2026-08-01_17-00-47-193033/checkpoints/model_step_phase3_candidate_epoch_84.pth",0.7782,0.7900127729946478,-0.036969693288293894,-0.06579065658693745,-0.008148729989650334,0.008231461071482647,0.00046296296296296336,5000,False
285,1.0,88,"/net/storage/pr3/plgrid/plggdnnp/reports/phase3, phase 3 intervention, trained with phase1=40, phase2=200, mm_cifar10, mm_resnet, sgd, epochs=200_overlap=0.0_lr=0.6_wd=0.0_lambda=1.0/2026-08-01_17-00-47-193033/checkpoints/model_step_phase3_candidate_epoch_88.pth",0.7862,0.7753882865011514,-0.027628264049620384,-0.056361985196283146,0.0011054570970423748,0.008206544125772642,0.00046296296296296336,5000,False
285,1.0,92,"/net/storage/pr3/plgrid/plggdnnp/reports/phase3, phase 3 intervention, trained with phase1=40, phase2=200, mm_cifar10, mm_resnet, sgd, epochs=200_overlap=0.0_lr=0.6_wd=0.0_lambda=1.0/2026-08-01_17-00-47-193033/checkpoints/model_step_phase3_candidate_epoch_92.pth",0.7842,0.7940702965762727,-0.02996362135928876,-0.058598207627117926,-0.0013290350914595926,0.008178230537240254,0.00046296296296296336,5000,False
285,1.0,96,"/net/storage/pr3/plgrid/plggdnnp/reports/phase3, phase 3 intervention, trained with phase1=40, phase2=200, mm_cifar10, mm_resnet, sgd, epochs=200_overlap=0.0_lr=0.6_wd=0.0_lambda=1.0/2026-08-01_17-00-47-193033/checkpoints/model_step_phase3_candidate_epoch_96.pth",0.7892,0.7863421656765898,-0.02412522808511781,-0.052576975689757416,0.0043265195195217945,0.00812601058460329,0.00046296296296296336,5000,False
285,1.0,100,"/net/storage/pr3/plgrid/plggdnnp/reports/phase3, phase 3 intervention, trained with phase1=40, phase2=200, mm_cifar10, mm_resnet, sgd, epochs=200_overlap=0.0_lr=0.6_wd=0.0_lambda=1.0/2026-08-01_17-00-47-193033/checkpoints/model_step_phase3_candidate_epoch_100.pth",0.791,0.766808025963904,-0.02202340650641627,-0.050468236317188137,0.006421423304355595,0.008124034816120718,0.00046296296296296336,5000,False
285,1.0,104,"/net/storage/pr3/plgrid/plggdnnp/reports/phase3, phase 3 intervention, trained with phase1=40, phase2=200, mm_cifar10, mm_resnet, sgd, epochs=200_overlap=0.0_lr=0.6_wd=0.0_lambda=1.0/2026-08-01_17-00-47-193033/checkpoints/model_step_phase3_candidate_epoch_104.pth",0.7866,0.8042456724518644,-0.02716119258768671,-0.05575694054927968,0.0014345553739062607,0.008167138055613152,0.00046296296296296336,5000,False
285,1.0,108,"/net/storage/pr3/plgrid/plggdnnp/reports/phase3, phase 3 intervention, trained with phase1=40, phase2=200, mm_cifar10, mm_resnet, sgd, epochs=200_overlap=0.0_lr=0.6_wd=0.0_lambda=1.0/2026-08-01_17-00-47-193033/checkpoints/model_step_phase3_candidate_epoch_108.pth",0.7972,0.7727265686782977,-0.014783798846444296,-0.04318366334984437,0.01361606565695578,0.00811119242173706,0.00046296296296296336,5000,False
285,1.0,112,"/net/storage/pr3/plgrid/plggdnnp/reports/phase3, phase 3 intervention, trained with phase1=40, phase2=200, mm_cifar10, mm_resnet, sgd, epochs=200_overlap=0.0_lr=0.6_wd=0.0_lambda=1.0/2026-08-01_17-00-47-193033/checkpoints/model_step_phase3_candidate_epoch_112.pth",0.7832,0.8623592695893045,-0.03113130001412295,-0.05965779368029162,-0.0026048063479542777,0.008147358562786661,0.00046296296296296336,5000,False
285,1.0,116,"/net/storage/pr3/plgrid/plggdnnp/reports/phase3, phase 3 intervention, trained with phase1=40, phase2=200, mm_cifar10, mm_resnet, sgd, epochs=200_overlap=0.0_lr=0.6_wd=0.0_lambda=1.0/2026-08-01_17-00-47-193033/checkpoints/model_step_phase3_candidate_epoch_116.pth",0.795,0.8268786212705486,-0.017352691887079514,-0.04559563256141743,0.010890248787258403,0.008066373920123203,0.00046296296296296336,5000,False
285,1.0,120,"/net/storage/pr3/plgrid/plggdnnp/reports/phase3, phase 3 intervention, trained with phase1=40, phase2=200, mm_cifar10, mm_resnet, sgd, epochs=200_overlap=0.0_lr=0.6_wd=0.0_lambda=1.0/2026-08-01_17-00-47-193033/checkpoints/model_step_phase3_candidate_epoch_120.pth",0.7926,0.8444515491293125,-0.020155120658681566,-0.04860387123240871,0.008293629915045581,0.00812515461240589,0.00046296296296296336,5000,False
285,1.0,124,"/net/storage/pr3/plgrid/plggdnnp/reports/phase3, phase 3 intervention, trained with phase1=40, phase2=200, mm_cifar10, mm_resnet, sgd, epochs=200_overlap=0.0_lr=0.6_wd=0.0_lambda=1.0/2026-08-01_17-00-47-193033/checkpoints/model_step_phase3_candidate_epoch_124.pth",0.793,0.8549940815307037,-0.01968804919674789,-0.04811434824091041,0.008738249847414628,0.008118742304472548,0.00046296296296296336,5000,False
285,1.0,128,"/net/storage/pr3/plgrid/plggdnnp/reports/phase3, phase 3 intervention, trained with phase1=40, phase2=200, mm_cifar10, mm_resnet, sgd, epochs=200_overlap=0.0_lr=0.6_wd=0.0_lambda=1.0/2026-08-01_17-00-47-193033/checkpoints/model_step_phase3_candidate_epoch_128.pth",0.791,0.8635304308693775,-0.022023406506416272,-0.05011536249076812,0.006068549477935576,0.008023251676597475,0.00046296296296296336,5000,False
285,1.0,132,"/net/storage/pr3/plgrid/plggdnnp/reports/phase3, phase 3 intervention, trained with phase1=40, phase2=200, mm_cifar10, mm_resnet, sgd, epochs=200_overlap=0.0_lr=0.6_wd=0.0_lambda=1.0/2026-08-01_17-00-47-193033/checkpoints/model_step_phase3_candidate_epoch_132.pth",0.7948,0.8845054970651964,-0.01758622761804635,-0.046074913217626995,0.010902457981534299,0.008136560324536173,0.00046296296296296336,5000,False
285,1.0,136,"/net/storage/pr3/plgrid/plggdnnp/reports/phase3, phase 3 intervention, trained with phase1=40, phase2=200, mm_cifar10, mm_resnet, sgd, epochs=200_overlap=0.0_lr=0.6_wd=0.0_lambda=1.0/2026-08-01_17-00-47-193033/checkpoints/model_step_phase3_candidate_epoch_136.pth",0.7922,0.8767135846072582,-0.02062219212061524,-0.049046604588716444,0.007802220347485962,0.008118203485653544,0.00046296296296296336,5000,False
285,1.0,140,"/net/storage/pr3/plgrid/plggdnnp/reports/phase3, phase 3 intervention, trained with phase1=40, phase2=200, mm_cifar10, mm_resnet, sgd, epochs=200_overlap=0.0_lr=0.6_wd=0.0_lambda=1.0/2026-08-01_17-00-47-193033/checkpoints/model_step_phase3_candidate_epoch_140.pth",0.797,0.8819175116096956,-0.015017334577411135,-0.043428538721130755,0.013393869566308487,0.008114431099323501,0.00046296296296296336,5000,False
285,1.0,144,"/net/storage/pr3/plgrid/plggdnnp/reports/phase3, phase 3 intervention, trained with phase1=40, phase2=200, mm_cifar10, mm_resnet, sgd, epochs=200_overlap=0.0_lr=0.6_wd=0.0_lambda=1.0/2026-08-01_17-00-47-193033/checkpoints/model_step_phase3_candidate_epoch_144.pth",0.7972,0.9014919271988205,-0.014783798846444296,-0.043089844313121795,0.013522246620233202,0.008084397073485038,0.00046296296296296336,5000,False
285,1.0,148,"/net/storage/pr3/plgrid/plggdnnp/reports/phase3, phase 3 intervention, trained with phase1=40, phase2=200, mm_cifar10, mm_resnet, sgd, epochs=200_overlap=0.0_lr=0.6_wd=0.0_lambda=1.0/2026-08-01_17-00-47-193033/checkpoints/model_step_phase3_candidate_epoch_148.pth",0.8008,0.8575141880455248,-0.010580155689041214,-0.039102620221638656,0.017942308843556225,0.008146207815124283,0.00046296296296296336,5000,False
285,1.0,152,"/net/storage/pr3/plgrid/plggdnnp/reports/phase3, phase 3 intervention, trained with phase1=40, phase2=200, mm_cifar10, mm_resnet, sgd, epochs=200_overlap=0.0_lr=0.6_wd=0.0_lambda=1.0/2026-08-01_17-00-47-193033/checkpoints/model_step_phase3_candidate_epoch_152.pth",0.7962,0.8970475554485087,-0.015951477501278486,-0.04431431622430901,0.012411361221752036,0.008100617609695035,0.00046296296296296336,5000,False
285,1.0,156,"/net/storage/pr3/plgrid/plggdnnp/reports/phase3, phase 3 intervention, trained with phase1=40, phase2=200, mm_cifar10, mm_resnet, sgd, epochs=200_overlap=0.0_lr=0.6_wd=0.0_lambda=1.0/2026-08-01_17-00-47-193033/checkpoints/model_step_phase3_candidate_epoch_156.pth",0.8056,0.8793375391594166,-0.0049752981458371015,-0.03322196106723455,0.02327136477556035,0.00806743701893262,0.00046296296296296336,5000,False
285,1.0,160,"/net/storage/pr3/plgrid/plggdnnp/reports/phase3, phase 3 intervention, trained with phase1=40, phase2=200, mm_cifar10, mm_resnet, sgd, epochs=200_overlap=0.0_lr=0.6_wd=0.0_lambda=1.0/2026-08-01_17-00-47-193033/checkpoints/model_step_phase3_candidate_epoch_160.pth",0.8014,0.8944203270410821,-0.0098795484961407,-0.037825777980383994,0.018066680988102594,0.007981631207486248,0.00046296296296296336,5000,False
285,1.0,164,"/net/storage/pr3/plgrid/plggdnnp/reports/phase3, phase 3 intervention, trained with phase1=40, phase2=200, mm_cifar10, mm_resnet, sgd, epochs=200_overlap=0.0_lr=0.6_wd=0.0_lambda=1.0/2026-08-01_17-00-47-193033/checkpoints/model_step_phase3_candidate_epoch_164.pth",0.7948,0.908733098225086,-0.01758622761804635,-0.04569894416754175,0.010526488931449054,0.008029181033712654,0.00046296296296296336,5000,False
285,1.0,168,"/net/storage/pr3/plgrid/plggdnnp/reports/phase3, phase 3 intervention, trained with phase1=40, phase2=200, mm_cifar10, mm_resnet, sgd, epochs=200_overlap=0.0_lr=0.6_wd=0.0_lambda=1.0/2026-08-01_17-00-47-193033/checkpoints/model_step_phase3_candidate_epoch_168.pth",0.796,0.9316724399189749,-0.016185013232245322,-0.04437106141810267,0.01200103495361202,0.008050125042549785,0.00046296296296296336,5000,False
285,1.0,172,"/net/storage/pr3/plgrid/plggdnnp/reports/phase3, phase 3 intervention, trained with phase1=40, phase2=200, mm_cifar10, mm_resnet, sgd, epochs=200_overlap=0.0_lr=0.6_wd=0.0_lambda=1.0/2026-08-01_17-00-47-193033/checkpoints/model_step_phase3_candidate_epoch_172.pth",0.7972,0.9261834337610603,-0.014783798846444296,-0.04311332820053137,0.013545730507642779,0.008091104229766248,0.00046296296296296336,5000,False
285,1.0,176,"/net/storage/pr3/plgrid/plggdnnp/reports/phase3, phase 3 intervention, trained with phase1=40, phase2=200, mm_cifar10, mm_resnet, sgd, epochs=200_overlap=0.0_lr=0.6_wd=0.0_lambda=1.0/2026-08-01_17-00-47-193033/checkpoints/model_step_phase3_candidate_epoch_176.pth",0.7908,0.9751450606042495,-0.022256942237383105,-0.05043111456124834,0.005917230086482126,0.008046733216445105,0.00046296296296296336,5000,False
285,1.0,180,"/net/storage/pr3/plgrid/plggdnnp/reports/phase3, phase 3 intervention, trained with phase1=40, phase2=200, mm_cifar10, mm_resnet, sgd, epochs=200_overlap=0.0_lr=0.6_wd=0.0_lambda=1.0/2026-08-01_17-00-47-193033/checkpoints/model_step_phase3_candidate_epoch_180.pth",0.7962,0.9220531589961022,-0.015951477501278486,-0.044220374306402827,0.012317419303845858,0.008073787165750036,0.00046296296296296336,5000,False
285,1.0,184,"/net/storage/pr3/plgrid/plggdnnp/reports/phase3, phase 3 intervention, trained with phase1=40, phase2=200, mm_cifar10, mm_resnet, sgd, epochs=200_overlap=0.0_lr=0.6_wd=0.0_lambda=1.0/2026-08-01_17-00-47-193033/checkpoints/model_step_phase3_candidate_epoch_184.pth",0.7934,0.9447810581511342,-0.019220977734814217,-0.047881171969935334,0.0094392165003069,0.008185544345030065,0.00046296296296296336,5000,False
285,1.0,188,"/net/storage/pr3/plgrid/plggdnnp/reports/phase3, phase 3 intervention, trained with phase1=40, phase2=200, mm_cifar10, mm_resnet, sgd, epochs=200_overlap=0.0_lr=0.6_wd=0.0_lambda=1.0/2026-08-01_17-00-47-193033/checkpoints/model_step_phase3_candidate_epoch_188.pth",0.8022,0.9366435997806606,-0.008945405572273347,-0.037082391268767764,0.019191580124221074,0.008036112465417087,0.00046296296296296336,5000,False
285,1.0,192,"/net/storage/pr3/plgrid/plggdnnp/reports/phase3, phase 3 intervention, trained with phase1=40, phase2=200, mm_cifar10, mm_resnet, sgd, epochs=200_overlap=0.0_lr=0.6_wd=0.0_lambda=1.0/2026-08-01_17-00-47-193033/checkpoints/model_step_phase3_candidate_epoch_192.pth",0.8012,0.9332885885192067,-0.010113084227107537,-0.038236948490677686,0.018010780036462615,0.008032364895871995,0.00046296296296296336,5000,False
285,1.0,196,"/net/storage/pr3/plgrid/plggdnnp/reports/phase3, phase 3 intervention, trained with phase1=40, phase2=200, mm_cifar10, mm_resnet, sgd, epochs=200_overlap=0.0_lr=0.6_wd=0.0_lambda=1.0/2026-08-01_17-00-47-193033/checkpoints/model_step_phase3_candidate_epoch_196.pth",0.7948,1.029969740487484,-0.01758622761804635,-0.04574621481117568,0.010573759575082983,0.008042681847646758,0.00046296296296296336,5000,False
285,1.0,200,"/net/storage/pr3/plgrid/plggdnnp/reports/phase3, phase 3 intervention, trained with phase1=40, phase2=200, mm_cifar10, mm_resnet, sgd, epochs=200_overlap=0.0_lr=0.6_wd=0.0_lambda=1.0/2026-08-01_17-00-47-193033/checkpoints/model_step_phase3_candidate_epoch_200.pth",0.7964,0.9668002708426122,-0.015717941770311647,-0.04383390233903098,0.012398018798407687,0.008030107547433942,0.00046296296296296336,5000,False
